source,robot_id,keyframe_i,keyframe_j,timestamp_i,timestamp_j,dt_s,x_i,y_i,z_i,x_j,y_j,z_j,delta_x,delta_y,delta_z,translation_xy_m,translation_xyz_m,relative_rotation_deg,linear_speed_mps,angular_speed_deg_s,timestamp_provenance,z_rotation_provenance
demo_post_pgo,robot1,0,10,1722894200663681576,1722894205697212463,5.03353088,6.8483644809253e-13,2.295733203177105e-13,1.8092385051660189e-13,4.0259955423175375,1.2570866490835926,1.0754267280952703,4.025995542316853,1.257086649083363,1.0754267280950893,4.217689764558177,4.352637085441436,70.52433260737688,0.8647283962706982,14.010906913791871,matched_full_resolution_source,matched_full_resolution_source
demo_post_pgo,robot1,10,20,1722894205697212463,1722894210697850726,5.000638208,4.0259955423175375,1.2570866490835926,1.0754267280952703,4.715493982776096,1.202221659895306,1.1581193235806766,0.6894984404585589,-0.05486498918828664,0.0826925954854063,0.6916778631945768,0.6966034250429213,3.226966540744781,0.13930290416301225,0.6453109396281246,matched_full_resolution_source,matched_full_resolution_source
demo_post_pgo,robot1,20,30,1722894210697850726,1722894215696171573,4.998320896,4.715493982776096,1.202221659895306,1.1581193235806766,5.112647831111294,1.060502538146581,1.185924518774466,0.39715384833519796,-0.14171912174872503,0.027805195193789434,0.4216817386568778,0.422597465203534,2.11226574310763,0.0845478859794147,0.42259506483427467,matched_full_resolution_source,matched_full_resolution_source
demo_post_pgo,robot1,30,40,1722894215696171573,1722894220698648480,5.002477056,5.112647831111294,1.060502538146581,1.185924518774466,4.45160992836859,0.5183994569069013,1.0638909191095551,-0.661037902742704,-0.5421030812396797,-0.1220335996649109,0.8548958179521219,0.8635618443395952,7.122858614781379,0.17262684759420016,1.4238663236322455,matched_full_resolution_source,matched_full_resolution_source
demo_post_pgo,robot1,40,50,1722894220698648480,1722894225697015090,4.998366464,4.45160992836859,0.5183994569069013,1.0638909191095551,4.712504355083817,0.4526275410217152,1.0666219520997062,0.2608944267152262,-0.06577191588518605,0.0027310329901510944,0.2690573299694222,0.2690711901179088,17.579497006355375,0.053831825268486115,3.517048446321237,matched_full_resolution_source,matched_full_resolution_source
demo_post_pgo,robot1,50,60,1722894225697015090,1722894230697044794,5.000029696,4.712504355083817,0.4526275410217152,1.0666219520997062,193.333879349148,369.376360587717,110.35437795709808,188.62137499406418,368.92373304669525,109.28775600499837,414.34616434783203,428.51669456669794,10.072501615102466,85.7028299070922,2.0144883585712337,matched_full_resolution_source,matched_full_resolution_source
demo_post_pgo,robot1,60,70,1722894230697044794,1722894235701134409,5.0040896,193.333879349148,369.376360587717,110.35437795709808,5.4562743848313895,1.5414405696983318,-0.1875488926720837,-187.8776049643166,-367.83492001801864,-110.54192684977016,413.03816147154004,427.5746021730593,4.330351017490428,85.44503323302989,0.8653624062787421,matched_full_resolution_source,matched_full_resolution_source
demo_post_pgo,robot1,70,80,1722894235701134409,1722894240695642775,4.994508544,5.4562743848313895,1.5414405696983318,-0.1875488926720837,4.89288072479157,0.7030355834351169,1.1637693588946822,-0.5633936600398197,-0.8384049862632149,1.3513182515667659,1.0101164968280072,1.687126656235846,4.1710316333146915,0.3377963299837827,0.835123535492883,matched_full_resolution_source,matched_full_resolution_source
demo_post_pgo,robot1,80,90,1722894240695642775,1722894245697632990,5.001990144,4.89288072479157,0.7030355834351169,1.1637693588946822,5.0560233018080085,0.8140898438912957,1.2111619525763282,0.16314257701643875,0.11105426045617883,0.047392593681645945,0.19735386796572663,0.20296454650235604,1.6096687918666117,0.04057675858194495,0.3218056704484806,matched_full_resolution_source,matched_full_resolution_source
demo_post_pgo,robot1,90,100,1722894245697632990,1722894250695299742,4.997666816,5.0560233018080085,0.8140898438912957,1.2111619525763282,4.494776693567585,1.0286145790349002,1.125842198780446,-0.5612466082404239,0.21452473514360448,-0.0853197537958823,0.6008482481041395,0.6068756690110451,2.1049996354585288,0.12143179834800838,0.4211964728659752,matched_full_resolution_source,matched_full_resolution_source
demo_post_pgo,robot1,100,110,1722894250695299742,1722894255696487167,5.001187328,4.494776693567585,1.0286145790349002,1.125842198780446,4.656209025180427,1.027969030597223,1.1951984418891428,0.16143233161284254,-0.000645548437677057,0.06935624310869692,0.16143362234288167,0.1757017441031728,3.8079186941978413,0.03513200617770836,0.7614029318355181,matched_full_resolution_source,matched_full_resolution_source
demo_post_pgo,robot1,110,120,1722894255696487167,1722894260695734213,4.999247104,4.656209025180427,1.027969030597223,1.1951984418891428,4.74302671820831,1.0197922324344797,1.1653721761205804,0.086817693027883,-0.008176798162743415,-0.0298262657685624,0.08720190279390679,0.09216169475750154,0.9177968095702654,0.018435114896353307,0.18358700629859193,matched_full_resolution_source,matched_full_resolution_source
demo_post_pgo,robot1,120,130,1722894260695734213,1722894265697328033,5.001593856,4.74302671820831,1.0197922324344797,1.1653721761205804,4.918286157362461,1.0069003237513363,1.0958010276193388,0.17525943915415088,-0.012891908683143383,-0.06957114850124158,0.17573295741585304,0.1890032196178251,1.8788882974221837,0.03778859800683206,0.3756579105614975,matched_full_resolution_source,matched_full_resolution_source
demo_post_pgo,robot1,130,140,1722894265697328033,1722894270697409399,5.000081152,4.918286157362461,1.0069003237513363,1.0958010276193388,4.991438547031414,1.0884608721185685,1.0953082830899912,0.07315238966895343,0.08156054836723214,-0.0004927445293476662,0.10956000713874575,0.10956111518879871,1.3065555069947128,0.021911867399387105,0.2613068602840774,matched_full_resolution_source,matched_full_resolution_source
demo_post_pgo,robot1,140,150,1722894270697409399,1722894275697938011,5.00052864,4.991438547031414,1.0884608721185685,1.0953082830899912,5.851107347218933,1.2683022037612854,1.2453351641993633,0.859668800187519,0.17984133164271698,0.15002688110937212,0.8782786292418108,0.8910002332425507,1.5133791036638256,0.1781812079057607,0.3026438228066674,matched_full_resolution_source,matched_full_resolution_source
demo_post_pgo,robot1,150,160,1722894275697938011,1722894280697653887,4.99971584,5.851107347218933,1.2683022037612854,1.2453351641993633,5.848694991053933,1.240070603187818,1.2481921011084232,-0.00241235616500024,-0.02823160057346752,0.0028569369090598595,0.02833447958242089,0.028478146388221527,0.007175035245384641,0.0056959529900446355,0.0014350886080326999,matched_full_resolution_source,matched_full_resolution_source
demo_post_pgo,robot1,160,170,1722894280697653887,1722894285700169670,5.002515968,5.848694991053933,1.240070603187818,1.2481921011084232,4.843044679326873,1.2014073944748482,1.1355168430722251,-1.0056503117270603,-0.03866320871296969,-0.11267525803619804,1.0063932597075143,1.0126811477253046,3.42137332294122,0.20243436586773622,0.6839305151301858,matched_full_resolution_source,matched_full_resolution_source
demo_post_pgo,robot1,170,180,1722894285700169670,1722894290698060223,4.99789056,4.843044679326873,1.2014073944748482,1.1355168430722251,6.484752729401747,0.7732086295011318,1.9416127417322004,1.6417080500748744,-0.42819876497371645,0.8060958986599753,1.6966318115624446,1.878390295397124,66.51079913551672,0.37583662003938,13.307774217352355,matched_full_resolution_source,matched_full_resolution_source
demo_post_pgo,robot1,180,190,1722894290698060223,1722894295698366224,5.00030592,6.484752729401747,0.7732086295011318,1.9416127417322004,7.062186771733196,1.364027405056805,-0.7239495531408949,0.5774340423314488,0.5908187755556733,-2.6655622948730953,0.8261337051545243,2.7906485351332697,111.720322665841,0.5580955605078799,22.342697517563284,matched_full_resolution_source,matched_full_resolution_source
demo_post_pgo,robot1,190,200,1722894295698366224,1722894300698886003,5.00051968,7.062186771733196,1.364027405056805,-0.7239495531408949,6.11226694318462,3.9126865492630793,-7.353131569704528,-0.9499198285485759,2.5486591442062743,-6.629182016563633,2.719928512666466,7.165477326929916,2.4343377115507288,1.432946530655373,0.48681694450420177,matched_full_resolution_source,matched_full_resolution_source
demo_post_pgo,robot1,200,210,1722894300698886003,1722894305699129509,5.000243712,6.11226694318462,3.9126865492630793,-7.353131569704528,5.851915102485967,5.806306351744884,-13.702507312950855,-0.2603518406986529,1.8936198024818047,-6.349375743246327,1.9114337648232558,6.630848465033058,8.356450030362884,1.3261050554635563,1.6712085473570784,matched_full_resolution_source,matched_full_resolution_source
demo_post_pgo,robot1,210,220,1722894305699129509,1722894310697443557,4.998313984,5.851915102485967,5.806306351744884,-13.702507312950855,5.6255678057757885,7.312829987999612,-19.82729514747861,-0.22634729671017872,1.5065236362547276,-6.124787834527753,1.523432494507772,6.3114081299897995,5.87633741775159,1.2627074149789546,1.1756639211866666,matched_full_resolution_source,matched_full_resolution_source
demo_post_pgo,robot1,220,230,1722894310697443557,1722894315699018470,5.001574912,5.6255678057757885,7.312829987999612,-19.82729514747861,5.245660458732941,8.64739629548699,-26.648456891813268,-0.3799073470428471,1.3345663074873784,-6.82116174433466,1.3875866896946043,6.960865202242627,10.397474047930201,1.3917346685224712,2.07884001156998,matched_full_resolution_source,matched_full_resolution_source
demo_post_pgo,robot1,230,240,1722894315699018470,1722894320698718619,4.999700224,5.245660458732941,8.64739629548699,-26.648456891813268,4.699295106561244,9.92703446694576,-33.93143908699925,-0.5463653521716978,1.2796381714587692,-7.28298219518598,1.3913981989021136,7.4147028668250785,9.136945351358147,1.4830294886946165,1.8274986383179896,matched_full_resolution_source,matched_full_resolution_source
demo_post_pgo,robot1,240,250,1722894320698718619,1722894325699861421,5.001142784,4.699295106561244,9.92703446694576,-33.93143908699925,5.344222078224916,10.50369083561312,-40.52652382069216,0.6449269716636721,0.5766563686673614,-6.595084733692914,0.8651377730187849,6.651586728810896,5.555436179295945,1.3300133621641659,1.1108333473439866,matched_full_resolution_source,matched_full_resolution_source
demo_post_pgo,robot1,250,260,1722894325699861421,1722894330699494556,4.999633152,5.344222078224916,10.50369083561312,-40.52652382069216,4.21867143370757,11.349424278931782,-43.65194579513196,-1.1255506445173458,0.845733443318661,-3.1254219744397957,1.4078811421853235,3.427884453833326,13.256134706889485,0.6856271949597085,2.6514214751109573,matched_full_resolution_source,matched_full_resolution_source
demo_post_pgo,robot1,260,270,1722894330699494556,1722894335699867680,5.000372992,4.21867143370757,11.349424278931782,-43.65194579513196,2.471962083722718,12.52406807130844,-46.61586368751387,-1.7467093499848518,1.1746437923766582,-2.9639178923819145,2.1049421826486165,3.6353254139176,20.814092824157402,0.7270108489374066,4.162508048391083,matched_full_resolution_source,matched_full_resolution_source
demo_post_pgo,robot1,270,280,1722894335699867680,1722894340699485089,4.999617536,2.471962083722718,12.52406807130844,-46.61586368751387,0.5088624300446112,14.082752671320408,-49.684036770382086,-1.963099653678107,1.5586846000119685,-3.0681730828682134,2.506642761261679,3.9619368999294537,4.5024342968686115,0.7924479965520015,0.9005557454042444,matched_full_resolution_source,matched_full_resolution_source
demo_post_pgo,robot1,280,290,1722894340699485089,1722894345701858526,5.002373376,0.5088624300446112,14.082752671320408,-49.684036770382086,-0.0899797806533897,14.888626766065377,-51.83472885277609,-0.5988422106980009,0.8058740947449685,-2.150692082394002,1.0040144669748,2.3735040516432537,36.86059574990747,0.4744755885337683,7.368621448121881,matched_full_resolution_source,matched_full_resolution_source
demo_post_pgo,robot1,290,300,1722894345701858526,1722894350701879085,5.00002048,-0.0899797806533897,14.888626766065377,-51.83472885277609,-2.3147628318121094,17.17292149672186,-56.13815568183194,-2.22478305115872,2.284294730656482,-4.3034268290558515,3.1886771616499643,5.356038135998078,51.30290145352568,1.0712032395511466,10.260538263540408,matched_full_resolution_source,matched_full_resolution_source
demo_post_pgo,robot1,300,310,1722894350701879085,1722894355701728377,4.999849216,-2.3147628318121094,17.17292149672186,-56.13815568183194,-7.624360729873286,20.17659704469903,-53.974916183406265,-5.309597898061176,3.0036755479771706,2.163239498425675,6.100319388082203,6.47251896591741,38.89790414237919,1.2945428324527717,7.779815442814184,matched_full_resolution_source,matched_full_resolution_source
demo_post_pgo,robot1,310,320,1722894355701728377,1722894360698927035,4.997198848,-7.624360729873286,20.17659704469903,-53.974916183406265,-13.158853851363148,23.052426729748014,-53.24549106780498,-5.534493121489862,2.875829685048984,0.7294251156012876,6.23706745908905,6.279575741122763,35.59489971419084,1.2566191444705068,7.122970447421115,matched_full_resolution_source,matched_full_resolution_source
demo_post_pgo,robot1,320,330,1722894360698927035,1722894365702375489,5.00344832,-13.158853851363148,23.052426729748014,-53.24549106780498,-16.427660046551843,24.96171491628801,-54.38027643331432,-3.268806195188695,1.909288186539996,-1.1347853655093445,3.78556142744576,3.9519885053905908,16.844859279651008,0.7898529679208499,3.366649998625549,matched_full_resolution_source,matched_full_resolution_source
demo_post_pgo,robot1,330,340,1722894365702375489,1722894370705413624,5.003038208,-16.427660046551843,24.96171491628801,-54.38027643331432,-16.358020690370825,25.011025964198534,-54.297179016582426,0.06963935618101758,0.04931104791052476,0.08309741673189563,0.08533006138132504,0.1191066750558298,0.7589936169010348,0.023806868967215726,0.1517065401754043,matched_full_resolution_source,matched_full_resolution_source
demo_post_pgo,robot1,340,350,1722894370705413624,1722894375701559747,4.996146176,-16.358020690370825,25.011025964198534,-54.297179016582426,-16.300393293959786,25.080862933896345,-54.2957307598635,0.0576273964110392,0.0698369696978105,0.0014482567189233464,0.09054346554935898,0.09055504735359515,0.46655698507235516,0.01812497956696997,0.09338337363177165,matched_full_resolution_source,matched_full_resolution_source
demo_post_pgo,robot1,350,360,1722894375701559747,1722894380702115833,5.000556032,-16.300393293959786,25.080862933896345,-54.2957307598635,-16.20621672327793,25.116059124317303,-54.261007598015446,0.09417657068185648,0.03519619042095812,0.03472316184805635,0.10053854129408807,0.10636586037949099,0.9104679098671848,0.021270806626068214,0.18207333425339864,matched_full_resolution_source,matched_full_resolution_source
demo_post_pgo,robot1,360,370,1722894380702115833,1722894385701441421,4.999325696,-16.20621672327793,25.116059124317303,-54.261007598015446,-16.380246515219046,25.136355924295977,-54.17143915682488,-0.17402979194111623,0.02029679997867362,0.08956844119056484,0.17520938494396496,0.19677610177496188,2.281567141566658,0.0393605285473607,0.45637497540761507,matched_full_resolution_source,matched_full_resolution_source
demo_post_pgo,robot1,370,380,1722894385701441421,1722894390702267850,5.000826368,-16.380246515219046,25.136355924295977,-54.17143915682488,-17.77798832327914,25.138981684884502,-52.46889038278503,-1.3977418080600934,0.002625760588525594,1.7025487740398546,1.3977442743999229,2.202807614069458,61.52479674644814,0.4404887216571039,12.302926000419005,matched_full_resolution_source,matched_full_resolution_source
demo_post_pgo,robot1,380,390,1722894390702267850,1722894395700680489,4.998412544,-17.77798832327914,25.138981684884502,-52.46889038278503,-19.495790132356237,24.228110201057262,-46.20605478690459,-1.7178018090770983,-0.9108714838272398,6.262835595880439,1.9443584842611172,6.557716036574417,31.365026800191938,1.3119597429880365,6.274997616561667,matched_full_resolution_source,matched_full_resolution_source
demo_post_pgo,robot1,390,400,1722894395700680489,1722894400702183068,5.00150272,-19.495790132356237,24.228110201057262,-46.20605478690459,-19.47033727711137,22.791339974849794,-37.587537938002725,0.02545285524486829,-1.436770226207468,8.618516848901862,1.4369956613561417,8.737493302175496,18.72748955087099,1.746973617996052,3.7443725614670846,matched_full_resolution_source,matched_full_resolution_source
demo_post_pgo,robot1,400,410,1722894400702183068,1722894405701877463,4.999694336,-19.47033727711137,22.791339974849794,-37.587537938002725,-18.106582954408328,20.99659312986198,-28.06088232626622,1.3637543227030413,-1.794746844987813,9.526655611736505,2.2540945167150688,9.789694031731308,3.9301000580267837,1.958058507945416,0.7860680661472309,matched_full_resolution_source,matched_full_resolution_source
demo_post_pgo,robot1,410,420,1722894405701877463,1722894410701299721,4.999422208,-18.106582954408328,20.99659312986198,-28.06088232626622,-17.026749618245102,18.729214823843098,-18.208277771062,1.079833336163226,-2.267378306018884,9.85260455520422,2.5113829689026854,10.167637923221175,5.470126763082803,2.033762602996617,1.094151791046891,matched_full_resolution_source,matched_full_resolution_source
demo_post_pgo,robot1,420,430,1722894410701299721,1722894415699958046,4.998658304,-17.026749618245102,18.729214823843098,-18.208277771062,-15.880621173943526,16.898269562300943,-11.65861931267816,1.146128444301576,-1.8309452615421549,6.54965845838384,2.1600858690341043,6.896665635151511,10.337441365001807,1.3797033555249612,2.0680432100609143,matched_full_resolution_source,matched_full_resolution_source
demo_post_pgo,robot1,430,440,1722894415699958046,1722894420702136363,5.002178304,-15.880621173943526,16.898269562300943,-11.65861931267816,-14.336813449678512,14.517556971739523,-3.07154072677413,1.5438077242650134,-2.3807125905614193,8.587078585904031,2.837452154373353,9.0437300583802,8.037466921731003,1.8079583550926936,1.6067933674622972,matched_full_resolution_source,matched_full_resolution_source
demo_post_pgo,robot1,440,450,1722894420702136363,1722894425700470103,4.998333696,-14.336813449678512,14.517556971739523,-3.07154072677413,-13.31202559718824,12.311673001665172,6.113392828943236,1.024787852490272,-2.2058839700743516,9.184933555717366,2.432306360646743,9.501532437190617,3.488488088448173,1.9009399962220161,0.6979302104699199,matched_full_resolution_source,matched_full_resolution_source
demo_post_pgo,robot1,450,460,1722894425700470103,1722894430701878548,5.001408512,-13.31202559718824,12.311673001665172,6.113392828943236,-12.669717393219004,10.12607150067259,15.689675078816716,0.642308203969236,-2.1856015009925827,9.57628224987348,2.278028478756843,9.843505243523218,5.797770966660171,1.9681466170790605,1.1592276361247915,matched_full_resolution_source,matched_full_resolution_source
demo_post_pgo,robot1,460,470,1722894430701878548,1722894435701427461,4.999548928,-12.669717393219004,10.12607150067259,15.689675078816716,-11.953600130945803,8.404602733508629,23.098652531175937,0.716117262273201,-1.7214687671639606,7.4089774523592205,1.8644781172345979,7.639975493364753,1.8548177560482912,1.5281329582709011,0.37099702048326294,matched_full_resolution_source,matched_full_resolution_source
demo_post_pgo,robot1,470,480,1722894435701427461,1722894440701702903,5.000275456,-11.953600130945803,8.404602733508629,23.098652531175937,-11.265484053795236,6.637046301640367,30.548681823434023,0.6881160771505677,-1.767556431868262,7.450029292258087,1.8967760741510706,7.687697700285534,3.233759668624798,1.537454839825035,0.6467163053476385,matched_full_resolution_source,matched_full_resolution_source
demo_post_pgo,robot1,480,490,1722894440701702903,1722894445702170375,5.000467456,-11.265484053795236,6.637046301640367,30.548681823434023,-10.355769680059932,5.160605997400174,37.49991360111172,0.9097143737353033,-1.4764403042401923,6.951231777677698,1.7342018953298046,7.164291970652909,2.7039268750259415,1.432724447002762,0.5407348210578858,matched_full_resolution_source,matched_full_resolution_source
demo_post_pgo,robot1,490,500,1722894445702170375,1722894450701315870,4.999145472,-10.355769680059932,5.160605997400174,37.49991360111172,-9.757093833730211,3.946832668840744,43.15777152336729,0.598675846329721,-1.2137733285594305,5.657857922255566,1.353387772259247,5.817474944555491,2.5577512398726703,1.1636938707102882,0.5116376897208784,matched_full_resolution_source,matched_full_resolution_source
demo_post_pgo,robot1,500,510,1722894450701315870,1722894455701068605,4.999752704,-9.757093833730211,3.946832668840744,43.15777152336729,-8.884542074321704,2.837406504435432,48.49937710521643,0.8725517594085073,-1.1094261644053116,5.341605581849144,1.411443582689001,5.524936486436373,1.9061288269183683,1.1050419517781762,0.3812446214376543,matched_full_resolution_source,matched_full_resolution_source
demo_post_pgo,robot1,510,520,1722894455701068605,1722894460700533158,4.999464704,-8.884542074321704,2.837406504435432,48.49937710521643,-7.910081886719633,2.1879816188467527,53.58154662974353,0.9744601876020713,-0.6494248855886795,5.082169524527096,1.171036011078794,5.215340105426999,3.8136425027625256,1.0431797030698666,0.7628101663986716,matched_full_resolution_source,matched_full_resolution_source
demo_post_pgo,robot1,520,530,1722894460700533158,1722894465706953380,5.006420224,-7.910081886719633,2.1879816188467527,53.58154662974353,-7.106118786813192,1.6714359598536308,58.86808536760791,0.8039630999064409,-0.5165456589931219,5.286538737864383,0.9556024716563957,5.372212571257448,1.52577060066623,1.073064651166096,0.30476279105615683,matched_full_resolution_source,matched_full_resolution_source
demo_post_pgo,robot1,530,540,1722894465706953380,1722894470701220984,4.994267392,-7.106118786813192,1.6714359598536308,58.86808536760791,-7.912466257045326,1.1945627735484323,64.07796540334056,-0.8063474702321338,-0.4768731863051985,5.209880035732645,0.9368053578874507,5.293435015686149,43.13530259923027,1.0599022039078978,8.636962984466145,matched_full_resolution_source,matched_full_resolution_source
demo_post_pgo,robot1,540,550,1722894470701220984,1722894475700923727,4.999702784,-7.912466257045326,1.1945627735484323,64.07796540334056,-10.236748174818658,1.2402257216424446,65.33526550153552,-2.324281917773332,0.04566294809401228,1.2573000981949605,2.3247304226762973,2.6429481786515927,49.79548717509003,0.5286210586576325,9.959689470831158,matched_full_resolution_source,matched_full_resolution_source
demo_post_pgo,robot1,550,560,1722894475700923727,1722894480703077783,5.00215424,-10.236748174818658,1.2402257216424446,65.33526550153552,-12.626674470998188,2.3020598527025844,64.25982550522684,-2.38992629617953,1.0618341310601398,-1.075439996308674,2.615193955150296,2.827686441017647,20.696476173070497,0.5652937325294566,4.1375125955873155,matched_full_resolution_source,matched_full_resolution_source
demo_post_pgo,robot1,560,570,1722894480703077783,1722894485703286239,5.000208384,-12.626674470998188,2.3020598527025844,64.25982550522684,-17.195317165147877,3.725719833781554,64.92573659833965,-4.568642694149689,1.4236599810789694,0.6659110931128112,4.785321703765914,4.831432643891851,28.101542295132173,0.9662462587262947,5.62007423231667,matched_full_resolution_source,matched_full_resolution_source
demo_post_pgo,robot1,570,580,1722894485703286239,1722894490701855324,4.99856896,-17.195317165147877,3.725719833781554,64.92573659833965,-23.98521239558478,5.650468385539154,66.31664819700946,-6.789895230436905,1.9247485517576006,1.3909115986698026,7.057431135179628,7.193189091294416,10.222854406327029,1.4390496857913542,2.0451562213372023,matched_full_resolution_source,matched_full_resolution_source
demo_post_pgo,robot1,580,590,1722894490701855324,1722894495703160412,5.001305088,-23.98521239558478,5.650468385539154,66.31664819700946,-31.344989950724543,8.456855451623333,68.16033768212186,-7.359777555139761,2.806387066084179,1.8436894851124066,7.876682932924465,8.089581258837667,3.6371817102164323,1.6174940573506695,0.7272465179025752,matched_full_resolution_source,matched_full_resolution_source
demo_post_pgo,robot1,590,600,1722894495703160412,1722894500701659830,4.998499584,-31.344989950724543,8.456855451623333,68.16033768212186,-38.39116793579176,11.426779959412633,69.38881228890563,-7.046177985067221,2.9699245077892993,1.228474606783763,7.6465074236028485,7.744561035896482,2.4534005620786843,1.5493771492322448,0.49082740147301857,matched_full_resolution_source,matched_full_resolution_source
demo_post_pgo,robot1,600,610,1722894500701659830,1722894505703487313,5.001827328,-38.39116793579176,11.426779959412633,69.38881228890563,-44.99222097425352,14.41032829159628,71.24234955921162,-6.601053038461757,2.9835483321836467,1.853537270305992,7.243994883147075,7.477370010871095,4.19113903009601,1.4949276575408992,0.8379215745082214,matched_full_resolution_source,matched_full_resolution_source
demo_post_pgo,robot1,610,620,1722894505703487313,1722894510699155782,4.99566848,-44.99222097425352,14.41032829159628,71.24234955921162,-52.23228793667752,17.39199350579861,72.88598309157986,-7.240066962424002,2.98166521420233,1.6436335323682414,7.829999812897045,8.000651739620533,9.83063910326914,1.6015177491562718,1.9678325618735093,matched_full_resolution_source,matched_full_resolution_source
demo_post_pgo,robot1,620,630,1722894510699155782,1722894515702222811,5.003067136,-52.23228793667752,17.39199350579861,72.88598309157986,-59.41532171134566,19.68925436965769,74.09090392813755,-7.183033774668139,2.29726086385908,1.2049208365576902,7.541444270472453,7.637094729477478,12.934263088354614,1.5264825599728824,2.5852667447304496,matched_full_resolution_source,matched_full_resolution_source
demo_post_pgo,robot1,630,640,1722894515702222811,1722894520701907843,4.99968512,-59.41532171134566,19.68925436965769,74.09090392813755,-66.38556436848818,21.984872832782717,75.87336609918835,-6.970242657142514,2.2956184631250274,1.7824621710507955,7.338538466730936,7.551908250165434,2.0084380921518377,1.5104767738183948,0.40171291670300985,matched_full_resolution_source,matched_full_resolution_source
demo_post_pgo,robot1,640,650,1722894520701907843,1722894525703120217,5.00121216,-66.38556436848818,21.984872832782717,75.87336609918835,-74.13280367748037,24.594324607239148,77.3830853351999,-7.747239308992192,2.6094517744564314,1.5097192360115486,8.174897887680778,8.31313464618437,7.165298085737868,1.6622239529595102,1.4327122818436617,matched_full_resolution_source,matched_full_resolution_source
demo_post_pgo,robot1,650,660,1722894525703120217,1722894530701696254,4.998576128,-74.13280367748037,24.594324607239148,77.3830853351999,-80.37416840643539,27.16737800295417,78.90700878133411,-6.24136472895502,2.5730533957150215,1.5239234461342193,6.750943449403525,6.920807765479545,19.189297085896836,1.3845558391542707,3.8389526526176447,matched_full_resolution_source,matched_full_resolution_source
demo_post_pgo,robot1,660,670,1722894530701696254,1722894535700031771,4.998335488,-80.37416840643539,27.16737800295417,78.90700878133411,-83.41430808555674,27.5086368312422,83.68013744194472,-3.040139679121353,0.34125882828803,4.77312866061061,3.0592330503661533,5.669361874778768,49.17805866960571,1.1342499694927977,9.838887123057736,matched_full_resolution_source,matched_full_resolution_source
demo_post_pgo,robot1,670,680,1722894535700031771,1722894540699586021,4.999554304,-83.41430808555674,27.5086368312422,83.68013744194472,-83.0858875202452,26.612225138535297,89.2764641989286,0.3284205653115464,-0.8964116927069021,5.596326756983871,0.954680046162697,5.6771724618400325,24.19350953511875,1.1355357131130448,4.839133263491551,matched_full_resolution_source,matched_full_resolution_source
demo_post_pgo,robot1,680,690,1722894540699586021,1722894545701484342,5.00189824,-83.0858875202452,26.612225138535297,89.2764641989286,-82.17655387717417,25.579649898964117,95.0353623715833,0.9093336430710224,-1.0325752395711802,5.75889817265471,1.3758994511941263,5.920980278872921,1.840638727764407,1.1837466487268884,0.3679880396296121,matched_full_resolution_source,matched_full_resolution_source
demo_post_pgo,robot1,690,700,1722894545701484342,1722894550704367695,5.002883328,-82.17655387717417,25.579649898964117,95.0353623715833,-81.22695136163276,24.21050949270435,101.62333957663522,0.9496025155414145,-1.369140406259767,6.587977205051914,1.6662203904573194,6.79542007854256,3.3046532992772524,1.3583007304028338,0.6605497435412614,matched_full_resolution_source,matched_full_resolution_source
demo_post_pgo,robot1,700,710,1722894550704367695,1722894555701431825,4.997064192,-81.22695136163276,24.21050949270435,101.62333957663522,-80.3229793597897,22.89235499843824,108.57633150198184,0.9039720018430586,-1.3181544942661105,6.952991925346623,1.5983418441841821,7.134339027885164,1.6189964285527567,1.4277060997749065,0.32398951991544817,matched_full_resolution_source,matched_full_resolution_source
demo_post_pgo,robot1,710,720,1722894555701431825,1722894560700890531,4.999458816,-80.3229793597897,22.89235499843824,108.57633150198184,-79.13656827940885,21.58311875593607,116.030879761331,1.18641108038085,-1.3092362425021697,7.454548259349153,1.7668250593456207,7.661067846018409,1.0246694032827615,1.5323794290494681,0.20495606444510844,matched_full_resolution_source,matched_full_resolution_source
demo_post_pgo,robot1,720,730,1722894560700890531,1722894565703266830,5.002376192,-79.13656827940885,21.58311875593607,116.030879761331,-78.59347968103401,20.07195527036753,123.92378952674004,0.5430885983748368,-1.5111634855685416,7.892909765409044,1.605789620654091,8.054600230346002,2.602897419739593,1.6101548386599236,0.5203322021047219,matched_full_resolution_source,matched_full_resolution_source
demo_post_pgo,robot1,730,740,1722894565703266830,1722894570703801530,5.000534784,-78.59347968103401,20.07195527036753,123.92378952674004,-77.79097843422491,18.51737471496965,130.97641581127556,0.8025012468091006,-1.5545805553978767,7.0526262845355205,1.7494939137794483,7.266379185238865,0.9165281558757725,1.4531204159380695,0.18328602748816966,matched_full_resolution_source,matched_full_resolution_source
demo_post_pgo,robot1,740,750,1722894570703801530,1722894575702901735,4.99910016,-77.79097843422491,18.51737471496965,130.97641581127556,-77.20170521794797,17.195153705333503,137.10804815355095,0.5892732162769363,-1.3222210096361486,6.131632342275395,1.447588105002456,6.3001925766267055,1.9382372531703798,1.2602653227549465,0.3877172273280437,matched_full_resolution_source,matched_full_resolution_source
demo_post_pgo,robot1,750,760,1722894575702901735,1722894580701616216,4.998714368,-77.20170521794797,17.195153705333503,137.10804815355095,-76.67779729171308,15.894882564523032,143.24739123908532,0.523907926234898,-1.3002711408104712,6.139343085534364,1.401850403857814,6.297358023544073,1.048768782661599,1.2597955313985394,0.20980770363184692,matched_full_resolution_source,matched_full_resolution_source
demo_post_pgo,robot1,760,770,1722894580701616216,1722894585706478564,5.004862464,-76.67779729171308,15.894882564523032,143.24739123908532,-75.94740293874428,14.309378156810828,149.69612095243582,0.7303943529688013,-1.5855044077122038,6.448729713350502,1.7456517802023233,6.680824429183362,3.9815860207357012,1.33486673754545,0.7955435437787289,matched_full_resolution_source,matched_full_resolution_source
demo_post_pgo,robot1,770,780,1722894585706478564,1722894590704310402,4.997831936,-75.94740293874428,14.309378156810828,149.69612095243582,-75.20625491075226,12.762845861358322,156.24276839014232,0.7411480279920113,-1.546532295452506,6.546647437706497,1.7149526349943442,6.767544252821926,0.33139015755774254,1.3540960039241157,0.06630678298137606,matched_full_resolution_source,matched_full_resolution_source
demo_post_pgo,robot1,780,790,1722894590704310402,1722894595701149908,4.996839424,-75.20625491075226,12.762845861358322,156.24276839014232,-74.37254540958791,11.070408985631571,162.34500746513206,0.8337095011643498,-1.6924368757267505,6.10223907498974,1.886640959655926,6.387232251842974,1.3334704474238748,1.2782544544387133,0.26686277750274867,matched_full_resolution_source,matched_full_resolution_source
demo_post_pgo,robot1,790,800,1722894595701149908,1722894600703098431,5.001948416,-74.37254540958791,11.070408985631571,162.34500746513206,-73.54932936054998,9.524792398507982,168.19261535703004,0.8232160490379385,-1.5456165871235896,5.8476078918979795,1.7511754046311885,6.104189819719955,2.1909662442958857,1.220362409215208,0.4380225588267813,matched_full_resolution_source,matched_full_resolution_source
demo_post_pgo,robot1,800,810,1722894600703098431,1722894605699794482,4.996696064,-73.54932936054998,9.524792398507982,168.19261535703004,-72.92016054239888,8.003784934633705,173.8914388336379,0.6291688181511006,-1.5210074638742768,5.698823476607856,1.6460003362377882,5.931770909638349,2.7230387335269057,1.1871386279376366,0.5449678544880383,matched_full_resolution_source,matched_full_resolution_source
demo_post_pgo,robot1,810,820,1722894605699794482,1722894610701648182,5.001853696,-72.92016054239888,8.003784934633705,173.8914388336379,-72.20309956044139,6.494985799274723,179.23132710594336,0.7170609819574878,-1.5087991353589825,5.339888272305473,1.6705242538514218,5.5950923176844345,1.6831072846611301,1.1186037532762803,0.3364967044132292,matched_full_resolution_source,matched_full_resolution_source
demo_post_pgo,robot1,820,830,1722894610701648182,1722894615704292370,5.002644224,-72.20309956044139,6.494985799274723,179.23132710594336,-72.14433888035268,5.3623078174173,183.1710857648503,0.05876068008871016,-1.132677981857423,3.939758658906925,1.1342011409397774,4.099769568956429,7.485977973965827,0.8195205146286311,1.496404229197856,matched_full_resolution_source,matched_full_resolution_source
demo_post_pgo,robot1,830,840,1722894615704292370,1722894620701144896,4.99685248,-72.14433888035268,5.3623078174173,183.1710857648503,-71.28706115617584,5.553004144872155,183.3905886120505,0.8572777241768392,0.1906963274548552,0.21950284720020363,0.8782312825643313,0.9052467539867713,10.535035978076163,0.18116339387845432,2.108334400553719,matched_full_resolution_source,matched_full_resolution_source
demo_post_pgo,robot1,840,850,1722894620701144896,1722894625700664111,4.999519232,-71.28706115617584,5.553004144872155,183.3905886120505,-69.35698104645148,4.704665251420291,183.164115660396,1.9300801097243578,-0.8483388934518636,-0.22647295165450032,2.108290328227287,2.120419323135833,89.66757670564165,0.42412464573870307,17.93523987900956,matched_full_resolution_source,matched_full_resolution_source
demo_post_pgo,robot1,850,860,1722894625700664111,1722894630699309733,4.99864576,-69.35698104645148,4.704665251420291,183.164115660396,-69.21472155286767,4.641698292955812,184.28775988010165,0.14225949358380774,-0.06296695846447875,1.1236442197056533,0.1555718527658163,1.1343627875820483,9.491057622511251,0.2269340221424389,1.8987257905851789,matched_full_resolution_source,matched_full_resolution_source
demo_post_pgo,robot1,860,870,1722894630699309733,1722894635700719806,5.001410048,-69.21472155286767,4.641698292955812,184.28775988010165,-68.23023585301468,5.911287340467333,186.68731400317856,0.9844856998529963,1.2695890475115208,2.3995541230769106,1.6065703977032113,2.8877202829137825,45.628695517109655,0.5773812295331683,9.123166282947743,matched_full_resolution_source,matched_full_resolution_source
demo_post_pgo,robot1,870,880,1722894635700719806,1722894640700648600,4.999928832,-68.23023585301468,5.911287340467333,186.68731400317856,-61.05247063259843,2.033232126938338,186.8647829172411,7.177765220416248,-3.878055213528995,0.17746891406252985,8.158408288299656,8.160338290417565,33.726596348651256,1.632090888612385,6.745415281273199,matched_full_resolution_source,matched_full_resolution_source
demo_post_pgo,robot1,880,890,1722894640700648600,1722894645701728226,5.001079552,-61.05247063259843,2.033232126938338,186.8647829172411,-52.780995673636696,-3.4218903274675494,185.04926722060108,8.271474958961733,-5.455122454405887,-1.8155156966400057,9.908363083239042,10.073319027710804,2.6474772262415853,2.014228912571956,0.5293811463532555,matched_full_resolution_source,matched_full_resolution_source
demo_post_pgo,robot1,890,900,1722894645701728226,1722894650704126459,5.002398208,-52.780995673636696,-3.4218903274675494,185.04926722060108,-44.821051579717,-7.490888727836152,183.13564564312017,7.959944093919695,-4.068998400368603,-1.9136215774809102,8.939656478888285,9.14217728456027,4.708335368044867,1.8275588836450085,0.9412156274394834,matched_full_resolution_source,matched_full_resolution_source
demo_post_pgo,robot1,900,910,1722894650704126459,1722894655702645532,4.99851904,-44.821051579717,-7.490888727836152,183.13564564312017,-36.95333297012026,-11.351086920751545,181.4572002463005,7.867718609596743,-3.8601981929153926,-1.6784453968196829,8.763682228856895,8.922965042993688,12.807319315170002,1.7851217473793375,2.5622227729215576,matched_full_resolution_source,matched_full_resolution_source
demo_post_pgo,robot1,910,920,1722894655702645532,1722894660700735796,4.99809024,-36.95333297012026,-11.351086920751545,181.4572002463005,-28.57997338191464,-13.454208184759604,180.2280396250076,8.373359588205616,-2.1031212640080597,-1.2291606212928912,8.63343905083703,8.720499164466156,2.04540551513189,1.7447662498518948,0.4092374120743947,matched_full_resolution_source,matched_full_resolution_source
demo_post_pgo,robot1,920,930,1722894660700735796,1722894665700872846,5.000137216,-28.57997338191464,-13.454208184759604,180.2280396250076,-21.280438496224917,-15.497949730800052,178.81016538561877,7.299534885689724,-2.0437415460404473,-1.4178742393888228,7.580243337414247,7.711709046193037,10.620803110755341,1.542299483605419,2.1241023299860062,matched_full_resolution_source,matched_full_resolution_source
demo_post_pgo,robot1,930,940,1722894665700872846,1722894670701661944,5.000788992,-21.280438496224917,-15.497949730800052,178.81016538561877,-15.30099643380204,-17.850584976268802,177.44545053033357,5.979442062422878,-2.3526352454687505,-1.3647148552852002,6.425622147005982,6.568947146410137,1.4571761945651562,1.3135821481207852,0.29138925815431727,matched_full_resolution_source,matched_full_resolution_source
demo_post_pgo,robot1,940,950,1722894670701661944,1722894675703485223,5.001823232,-15.30099643380204,-17.850584976268802,177.44545053033357,-9.908388506787787,-19.207288266417653,176.30105343099538,5.392607927014252,-1.3567032901488503,-1.1443970993381924,5.5606532055144084,5.677191981338251,1.0566828513122488,1.1350245136648307,0.21125953523346122,matched_full_resolution_source,matched_full_resolution_source
demo_post_pgo,robot1,950,960,1722894675703485223,1722894680701973947,4.998488832,-9.908388506787787,-19.207288266417653,176.30105343099538,-4.403541038541697,-20.47657806892624,174.99809387270366,5.504847468246091,-1.2692898025085881,-1.3029595582917182,5.649286879899771,5.797598283940638,1.1738870100965784,1.1598702085367865,0.234848381090987,matched_full_resolution_source,matched_full_resolution_source
demo_post_pgo,robot1,960,970,1722894680701973947,1722894685705435133,5.00346112,-4.403541038541697,-20.47657806892624,174.99809387270366,-0.1077260757891036,-21.790072897384672,173.5873391841867,4.295814962752593,-1.3134948284584311,-1.4107546885169597,4.492137003542536,4.708452362482676,1.2968587565350382,0.9410390626724159,0.2591923321540746,matched_full_resolution_source,matched_full_resolution_source
demo_post_pgo,robot1,970,980,1722894685705435133,1722894690698612694,4.9931776,-0.1077260757891036,-21.790072897384672,173.5873391841867,1.1184616325027923,-21.049664378894956,171.63730501310596,1.226187708291896,0.7404085184897156,-1.9500341710807447,1.4323899853804714,2.4195814387205146,71.23393567443918,0.4845774840295115,14.26625315198866,matched_full_resolution_source,matched_full_resolution_source
demo_post_pgo,robot1,980,990,1722894690698612694,1722894695704084999,5.005472256,1.1184616325027923,-21.049664378894956,171.63730501310596,2.174178003201457,-20.280233387399736,169.14220054621825,1.0557163706986645,0.76943099149522,-2.4951044668877103,1.3063541273462098,2.8163997242432552,21.91278820726945,0.5626641364093609,4.377766389775281,matched_full_resolution_source,matched_full_resolution_source
demo_post_pgo,robot1,990,1000,1722894695704084999,1722894700703874433,4.999789568,2.174178003201457,-20.280233387399736,169.14220054621825,3.967420636405196,-19.669518095707765,160.6139802742799,1.793242633203739,0.6107152916919709,-8.528220271938352,1.8943844142744335,8.736087986950803,31.695087537724167,1.7472911345837674,6.339284305199816,matched_full_resolution_source,matched_full_resolution_source
demo_post_pgo,robot1,1000,1010,1722894700703874433,1722894705700018926,4.996144384,3.967420636405196,-19.669518095707765,160.6139802742799,4.304291107426758,-18.181132270389256,150.02037039889964,0.3368704710215624,1.4883858253185096,-10.593609875380253,1.5260321357217057,10.702959603353147,16.697278880506527,2.142243854606974,3.342032895201959,matched_full_resolution_source,matched_full_resolution_source
demo_post_pgo,robot1,1010,1020,1722894705700018926,1722894710699489181,4.999470336,4.304291107426758,-18.181132270389256,150.02037039889964,3.3301341731561878,-16.198721455908704,141.47136511809887,-0.9741569342705705,1.9824108144805521,-8.54900528080077,2.2088309962414243,8.829746636292365,7.276177127591962,1.7661364190345232,1.4553895990137067,matched_full_resolution_source,matched_full_resolution_source
demo_post_pgo,robot1,1020,1030,1722894710699489181,1722894715702179169,5.002689792,3.3301341731561878,-16.198721455908704,141.47136511809887,2.8039538487154068,-14.968507950850707,133.97942388805112,-0.526180324440781,1.2302135050579963,-7.4919412300477575,1.3380175641058254,7.610484504704361,2.422752213395382,1.521278516384244,0.4842899148513468,matched_full_resolution_source,matched_full_resolution_source
demo_post_pgo,robot1,1030,1040,1722894715702179169,1722894720703131008,5.000952064,2.8039538487154068,-14.968507950850707,133.97942388805112,1.2900389487637094,-13.056887778809967,124.9560675729827,-1.5139148999516974,1.91162017204074,-9.023356315068412,2.4384892877453503,9.347041734962662,3.100729348707648,1.8690524554811374,0.6200278085104333,matched_full_resolution_source,matched_full_resolution_source
demo_post_pgo,robot1,1040,1050,1722894720703131008,1722894725699352921,4.996221696,1.2900389487637094,-13.056887778809967,124.9560675729827,-0.4650901045901194,-11.270672884816353,116.75901313414607,-1.7551290533538288,1.7862148939936144,-8.19705443883663,2.504204792234718,8.57104095864106,2.1188477806206407,1.7155045312547035,0.42409002433118625,matched_full_resolution_source,matched_full_resolution_source
demo_post_pgo,robot1,1050,1060,1722894725699352921,1722894730699353478,5.000000768,-0.4650901045901194,-11.270672884816353,116.75901313414607,-2.4639133778593423,-9.719199799666177,109.48058104429089,-1.9988232732692228,1.5514730851501763,-7.278432089855187,2.530289155750405,7.70570807248379,3.3841380799285656,1.5411413777774425,0.6768275120250073,matched_full_resolution_source,matched_full_resolution_source
demo_post_pgo,robot1,1060,1070,1722894730699353478,1722894735702492002,5.003138304,-2.4639133778593423,-9.719199799666177,109.48058104429089,-3.85321271383536,-8.474896315989943,102.6329573483557,-1.3892993359760175,1.2443034836762337,-6.847623695935184,1.8650586597831755,7.0970694012081665,14.648252448248966,1.4185235286288354,2.9278128163152544,matched_full_resolution_source,matched_full_resolution_source
demo_post_pgo,robot1,1070,1080,1722894735702492002,1722894740699370885,4.996879104,-3.85321271383536,-8.474896315989943,102.6329573483557,-4.580828787231602,-7.236302116164649,96.08679607953756,-0.7276160733962422,1.238594199825294,-6.546161268818139,1.4365029558289903,6.701922716614996,1.576498868398165,1.3412217060144822,0.31549670015754,matched_full_resolution_source,matched_full_resolution_source
demo_post_pgo,robot1,1080,1090,1722894740699370885,1722894745700544456,5.001173504,-4.580828787231602,-7.236302116164649,96.08679607953756,-5.448688574400161,-6.0686827560731365,88.8183319432457,-0.8678597871685589,1.1676193600915123,-7.268464136291868,1.4548249311325294,7.412630199922687,1.9549944339234797,1.4821781715819247,0.3909071405660794,matched_full_resolution_source,matched_full_resolution_source
demo_post_pgo,robot1,1090,1100,1722894745700544456,1722894750696857631,4.996313088,-5.448688574400161,-6.0686827560731365,88.8183319432457,-6.214207470530382,-4.4328903176098,81.13675639609093,-0.7655188961302208,1.6357924384633362,-7.681575547154765,1.806055392856559,7.891035354673827,1.2300663077745966,1.5793716718086157,0.2461948012683461,matched_full_resolution_source,matched_full_resolution_source
demo_post_pgo,robot1,1100,1110,1722894750696857631,1722894755714352185,5.017494528,-6.214207470530382,-4.4328903176098,81.13675639609093,-7.241473653684138,-2.824044377284156,73.9889849219778,-1.0272661831537562,1.608845940325644,-7.147771474113128,1.908837622940619,7.398263182457012,0.9706129477511194,1.4744935228471487,0.1934457411631719,matched_full_resolution_source,matched_full_resolution_source
demo_post_pgo,robot1,1110,1120,1722894755714352185,1722894760701939869,4.98758784,-7.241473653684138,-2.824044377284156,73.9889849219778,-8.152738127949345,-1.3801249798399386,66.962793845794,-0.9112644742652067,1.4439193974442175,-7.026191076183807,1.7074267680850959,7.230675432310489,9.218062217121814,1.4497339524170645,1.8482004754269779,matched_full_resolution_source,matched_full_resolution_source
demo_post_pgo,robot1,1120,1130,1722894760701939869,1722894765701765199,4.999825152,-8.152738127949345,-1.3801249798399386,66.962793845794,-8.80674906654655,0.1423339802570721,60.59901672705742,-0.6540109385972048,1.5224589600970106,-6.363777118736579,1.6569887123889733,6.575961588234811,25.111328431006648,1.3152383110046026,5.022441318965278,matched_full_resolution_source,matched_full_resolution_source
demo_post_pgo,robot1,1130,1140,1722894765701765199,1722894770701789492,5.00002432,-8.80674906654655,0.1423339802570721,60.59901672705742,-9.347293993870652,1.7092054144259805,53.15429122684168,-0.5405449273241025,1.5668714341689083,-7.444725500215739,1.6574905458766125,7.627005485984184,10.892216421588978,1.5253936776819887,2.1784326884211995,matched_full_resolution_source,matched_full_resolution_source
demo_post_pgo,robot1,1140,1150,1722894770701789492,1722894775707566844,5.005777408,-9.347293993870652,1.7092054144259805,53.15429122684168,-10.18687536884729,3.27942759549241,45.88464869273157,-0.8395813749766372,1.5702221810664296,-7.269642534110112,1.7805882688372054,7.484530523477312,4.703552459836871,1.4951784535037222,0.9396247728314633,matched_full_resolution_source,matched_full_resolution_source
demo_post_pgo,robot1,1150,1160,1722894775707566844,1722894780697255743,4.989688832,-10.18687536884729,3.27942759549241,45.88464869273157,-11.1830313063924,4.997093010885477,38.008536779646015,-0.9961559375451099,1.7176654153930668,-7.876111913085552,1.9856236126576994,8.122551323235328,1.835188694066257,1.6278673073045307,0.36779622053719624,matched_full_resolution_source,matched_full_resolution_source
demo_post_pgo,robot1,1160,1170,1722894780697255743,1722894785701120761,5.003865088,-11.1830313063924,4.997093010885477,38.008536779646015,-11.978402427386447,6.677993243121517,30.267510229126795,-0.7953711209940479,1.6809002322360405,-7.741026550519219,1.8595808158944056,7.961251966034362,1.2638566930412949,1.5910205063535001,0.25257609284315197,matched_full_resolution_source,matched_full_resolution_source
demo_post_pgo,robot1,1170,1180,1722894785701120761,1722894790699748153,4.998627328,-11.978402427386447,6.677993243121517,30.267510229126795,-12.768029052422056,8.466725737670044,22.485965177246044,-0.7896266250356092,1.788732494548527,-7.781545051880752,1.9552683048673711,8.023435519680378,1.5970045542630318,1.6051277667244366,0.3194886214696083,matched_full_resolution_source,matched_full_resolution_source
demo_post_pgo,robot1,1180,1190,1722894790699748153,1722894795697273296,4.997525248,-12.768029052422056,8.466725737670044,22.485965177246044,-13.66447717817388,10.130867413147058,15.47751105607165,-0.8964481257518244,1.6641416754770137,-7.008454121174394,1.8902345775652825,7.25888530883563,1.7782102725514928,1.452495975231065,0.3558181668543104,matched_full_resolution_source,matched_full_resolution_source
demo_post_pgo,robot1,1190,1200,1722894795697273296,1722894800698759419,5.00148608,-13.66447717817388,10.130867413147058,15.47751105607165,-14.22717750618471,11.446847570016118,9.793429956051384,-0.5627003280108287,1.3159801568690597,-5.684081100020267,1.4312356313397907,5.861502655806292,2.051172987089568,1.171952208213742,0.41011270536007727,matched_full_resolution_source,matched_full_resolution_source
demo_post_pgo,robot1,1200,1210,1722894800698759419,1722894805700545006,5.0017856,-14.22717750618471,11.446847570016118,9.793429956051384,-14.857350530101902,13.32069721349898,2.9673085002367543,-0.6301730239171928,1.8738496434828615,-6.826121455814629,1.9769750950514744,7.106642291264323,1.2965916071887587,1.4208210546378324,0.2592257467390763,matched_full_resolution_source,matched_full_resolution_source
demo_post_pgo,robot1,1210,1220,1722894805700545006,1722894810702508723,5.001963776,-14.857350530101902,13.32069721349898,2.9673085002367543,-15.42360656474318,15.051001412560824,-3.479786643455331,-0.5662560346412775,1.7303041990618446,-6.447095143692085,1.8206038882905626,6.699226396374194,0.6148698143151817,1.3393192546731059,0.122925683161761,matched_full_resolution_source,matched_full_resolution_source
demo_post_pgo,robot1,1220,1230,1722894810702508723,1722894815700403037,4.997894144,-15.42360656474318,15.051001412560824,-3.479786643455331,-15.93045447487514,16.730610743440167,-9.41849658717753,-0.5068479101319596,1.6796093308793427,-5.9387099437222,1.7544179400536488,6.192435555098417,2.309303783807578,1.2390089459042406,0.462055361172447,matched_full_resolution_source,matched_full_resolution_source
demo_post_pgo,robot1,1230,1240,1722894815700403037,1722894820698794108,4.99839104,-15.93045447487514,16.730610743440167,-9.41849658717753,-16.68068155931728,17.700349593993245,-12.39526142515799,-0.7502270844421393,0.9697388505530782,-2.9767648379804594,1.2260644830116227,3.2193730782777243,3.977904993334986,0.644081876050603,0.7958370926767239,matched_full_resolution_source,matched_full_resolution_source
demo_post_pgo,robot1,1240,1250,1722894820698794108,1722894825699393137,5.00059904,-16.68068155931728,17.700349593993245,-12.39526142515799,-17.275757071653082,18.893055090824006,-16.61212355896269,-0.5950755123358036,1.1927054968307615,-4.2168621338047,1.332914576239615,4.422509188579257,16.26528345052396,0.8843958800142586,3.2526669945775057,matched_full_resolution_source,matched_full_resolution_source
demo_post_pgo,robot1,1250,1260,1722894825699393137,1722894830702068633,5.002675712,-17.275757071653082,18.893055090824006,-16.61212355896269,-17.51251537781486,20.28016685274278,-22.813933086494508,-0.23675830616177862,1.3871117619187743,-6.201809527531818,1.407172176952771,6.359447692321593,5.620455426520551,1.2712092604897578,1.1234898582449933,matched_full_resolution_source,matched_full_resolution_source
demo_post_pgo,robot1,1260,1270,1722894830702068633,1722894835709898519,5.00782976,-17.51251537781486,20.28016685274278,-22.813933086494508,-18.463759922429595,22.112395626748757,-30.08152923704649,-0.9512445446147346,1.8322287740059764,-7.267596150551981,2.064443863115376,7.555122915709095,4.046497216557901,1.5086620907235264,0.8080341006955278,matched_full_resolution_source,matched_full_resolution_source
demo_post_pgo,robot1,1270,1280,1722894835709898519,1722894840703842503,4.993944064,-18.463759922429595,22.112395626748757,-30.08152923704649,-19.30057059684316,23.51396485073643,-36.7836617718796,-0.836810674413563,1.4015692239876714,-6.702132534833112,1.6323750777446602,6.898059793080254,3.4728997575601355,1.3812849532710052,0.6954222380253188,matched_full_resolution_source,matched_full_resolution_source
demo_post_pgo,robot1,1280,1290,1722894840703842503,1722894845708495700,5.004653056,-19.30057059684316,23.51396485073643,-36.7836617718796,-20.299129867521,24.606626381035245,-41.59668908389762,-0.9985592706778412,1.092661530298816,-4.813027312018022,1.480212767426228,5.035500148255687,3.9365326329378445,1.0061636824592075,0.7865745315189026,matched_full_resolution_source,matched_full_resolution_source
demo_post_pgo,robot1,1290,1300,1722894845708495700,1722894850703933181,4.995437568,-20.299129867521,24.606626381035245,-41.59668908389762,-20.63320536180387,25.37954868645208,-45.40237871853278,-0.334075494282871,0.7729223054168344,-3.805689634635158,0.8420304781248829,3.8977286874872012,20.24977103222013,0.7802577120481794,4.053653109777016,matched_full_resolution_source,matched_full_resolution_source
demo_post_pgo,robot1,1300,1310,1722894850703933181,1722894855704532867,5.000599808,-20.63320536180387,25.37954868645208,-45.40237871853278,-18.689192828628663,26.1934076773473,-51.81570254703405,1.9440125331752078,0.8138589908952198,-6.4133238285012695,2.1074987986243965,6.750723940098977,3.481184331127498,1.3499828419181066,0.6961533545552419,matched_full_resolution_source,matched_full_resolution_source
demo_post_pgo,robot1,1310,1320,1722894855704532867,1722894860698014930,4.993481984,-18.689192828628663,26.1934076773473,-51.81570254703405,-23.09346240894415,28.742565056391445,-55.2136738950637,-4.404269580315486,2.5491573790441464,-3.3979713480296496,5.088791003689145,6.118987102556925,67.08135932975279,1.2253948491580111,13.433784190008762,matched_full_resolution_source,matched_full_resolution_source
demo_post_pgo,robot1,1320,1330,1722894860698014930,1722894865699155599,5.001140736,-23.09346240894415,28.742565056391445,-55.2136738950637,-29.127178881166028,30.800214295500048,-54.39016584062076,-6.0337164722218795,2.0576492391086028,0.8235080544429394,6.3749239100059745,6.427893929904122,40.87869407174686,1.2852855516810078,8.173873967890444,matched_full_resolution_source,matched_full_resolution_source
demo_post_pgo,robot1,1330,1340,1722894865699155599,1722894870700843363,5.001687552,-29.127178881166028,30.800214295500048,-54.39016584062076,-33.66580894277627,32.19968925436969,-51.25495260160408,-4.538630061610245,1.3994749588696394,3.1352132390166787,4.74949397269387,5.6909801485122795,23.023699059155838,1.1378120063170791,4.603186188619373,matched_full_resolution_source,matched_full_resolution_source
demo_post_pgo,robot1,1340,1350,1722894870700843363,1722894875698184962,4.997341696,-33.66580894277627,32.19968925436969,-51.25495260160408,-37.608336831788485,34.3334526793949,-50.50254736993372,-3.9425278890122115,2.133763425025215,0.7524052316703589,4.482908933897098,4.545611745657492,33.1065476768003,0.90960595095907,6.624831698680845,matched_full_resolution_source,matched_full_resolution_source
demo_post_pgo,robot1,1350,1360,1722894875698184962,1722894880703141814,5.004956928,-37.608336831788485,34.3334526793949,-50.50254736993372,-44.7969580560268,37.82244161423337,-49.85569562982893,-7.188621224238318,3.488988934838467,0.6468517401047933,7.990576881114084,8.016716040042299,1.1456337599939461,1.601755250917975,0.22889982400942374,matched_full_resolution_source,matched_full_resolution_source
demo_post_pgo,robot1,1360,1370,1722894880703141814,1722894885702175683,4.999033856,-44.7969580560268,37.82244161423337,-49.85569562982893,-51.7115676723033,40.7232900209487,-49.05529161630367,-6.9146096162765005,2.9008484067153333,0.8004040135252595,7.498449681383902,7.541047288614075,13.573543430854462,1.5085009435499361,2.7152333474523407,matched_full_resolution_source,matched_full_resolution_source
demo_post_pgo,robot1,1370,1380,1722894885702175683,1722894890703040374,5.000864512,-51.7115676723033,40.7232900209487,-49.05529161630367,-57.87722510451644,42.888999514313376,-47.61805006345728,-6.165657432213138,2.165709493364673,1.4372415528463875,6.534954413081622,6.69113536421759,20.989746455862235,1.3379957301705818,4.197223581141931,matched_full_resolution_source,matched_full_resolution_source
demo_post_pgo,robot1,1380,1390,1722894890703040374,1722894895698808036,4.995767808,-57.87722510451644,42.888999514313376,-47.61805006345728,-63.99577347520032,45.774933680986,-46.65850844863839,-6.118548370683882,2.8859341666726266,0.9595416148188889,6.76500186095812,6.832713245068613,15.437707800250942,1.3677003230868758,3.090157187755941,matched_full_resolution_source,matched_full_resolution_source
demo_post_pgo,robot1,1390,1400,1722894895698808036,1722894900698933244,5.000125184,-63.99577347520032,45.774933680986,-46.65850844863839,-69.63024949410655,48.44126864523896,-45.59663591491425,-5.634476018906227,2.666334964252954,1.0618725337241415,6.233511221553,6.323308898599285,9.692258068839942,1.264630117428533,1.938403082357696,matched_full_resolution_source,matched_full_resolution_source
demo_post_pgo,robot1,1400,1410,1722894900698933244,1722894905697117609,4.998184448,-69.63024949410655,48.44126864523896,-45.59663591491425,-75.17248839265483,50.49230545681903,-44.15884169484757,-5.542238898548277,2.051036811580076,1.4377942200666851,5.90958238888656,6.081974698261688,28.059670959659066,1.216836785744344,5.613972683798616,matched_full_resolution_source,matched_full_resolution_source
demo_post_pgo,robot1,1410,1420,1722894905697117609,1722894910700828598,5.003710976,-75.17248839265483,50.49230545681903,-44.15884169484757,-78.83606376483993,51.66100893595689,-41.4141208938748,-3.6635753721851074,1.1687034791378608,2.7447208009727646,3.845471665456682,4.724525860350726,2.9048665330859946,0.9442043881054744,0.5805424308116542,matched_full_resolution_source,matched_full_resolution_source
demo_post_pgo,robot1,1420,1430,1722894910700828598,1722894915699058782,4.998230016,-78.83606376483993,51.66100893595689,-41.4141208938748,-84.26021255803347,51.845453124809296,-37.4273093160502,-5.424148793193538,0.1844441888524031,3.9868115778246036,5.427283831669792,6.734246531467395,1.3494311922108055,1.3473262554764738,0.26998181113936265,matched_full_resolution_source,matched_full_resolution_source
demo_post_pgo,robot1,1430,1440,1722894915699058782,1722894920696339130,4.997280512,-84.26021255803347,51.845453124809296,-37.4273093160502,-89.50805169858174,51.74602238034491,-33.00914373992801,-5.247839140548265,-0.09943074446438516,4.418165576122192,5.248781012579502,6.860749898957565,28.025375838079793,1.3728966950089763,5.608125413568898,matched_full_resolution_source,matched_full_resolution_source
demo_post_pgo,robot1,1440,1450,1722894920696339130,1722894925700096025,5.0037568,-89.50805169858174,51.74602238034491,-33.00914373992801,-92.87137012543796,51.8290165671962,-27.464492592892757,-3.3633184268562246,0.08299418685128757,5.54465114703525,3.364342264913268,6.485518885779382,24.27021645553095,1.2961299169814533,4.850398895392148,matched_full_resolution_source,matched_full_resolution_source
demo_post_pgo,robot1,1450,1460,1722894925700096025,1722894930706728390,5.006632448,-92.87137012543796,51.8290165671962,-27.464492592892757,-93.33416535567406,50.61339577618087,-21.356060414106132,-0.4627952302360967,-1.2156207910153256,6.108432178786625,1.3007356890152617,6.245386858755342,34.786668396600895,1.2474226785411793,6.948117074281561,matched_full_resolution_source,matched_full_resolution_source
demo_post_pgo,robot1,1460,1470,1722894930706728390,1722894935700762014,4.994033664,-93.33416535567406,50.61339577618087,-21.356060414106132,-92.93912414756232,49.0043602880857,-16.17414532614824,0.39504120811173493,-1.6090354880951736,5.1819150879578935,1.6568200741348027,5.440339762998421,1.5754456817361013,1.0893678595352017,0.3154655710659025,matched_full_resolution_source,matched_full_resolution_source
demo_post_pgo,robot1,1470,1480,1722894935700762014,1722894940705104641,5.004342528,-92.93912414756232,49.0043602880857,-16.17414532614824,-92.54812284116598,46.7183926634715,-9.431932079956468,0.39100130639634756,-2.2859676246142016,6.7422132461917705,2.3191657988138634,7.129934744407674,3.328804005815496,1.4247495459223039,0.6651830859279455,matched_full_resolution_source,matched_full_resolution_source
demo_post_pgo,robot1,1480,1490,1722894940705104641,1722894945703543679,4.998438912,-92.54812284116598,46.7183926634715,-9.431932079956468,-91.758003564914,44.997922944515466,-2.278468226515306,0.7901192762519713,-1.720469718956032,7.153463853441162,1.8932259570768586,7.399753349067715,7.073572774977469,1.4804128807701862,1.4151563917277437,matched_full_resolution_source,matched_full_resolution_source
demo_post_pgo,robot1,1490,1500,1722894945703543679,1722894950699512824,4.99596928,-91.758003564914,44.997922944515466,-2.278468226515306,-91.98508577455496,43.4496901656615,4.255406998372045,-0.2270822096409546,-1.548232778853965,6.5338752248873515,1.5647974525328474,6.718639484438053,3.357031524190444,1.34481200901981,0.6719479916798936,matched_full_resolution_source,matched_full_resolution_source
demo_post_pgo,robot1,1500,1510,1722894950699512824,1722894955703457841,5.00394496,-91.98508577455496,43.4496901656615,4.255406998372045,-91.74046106048544,41.96017357033393,10.759207602147187,0.24462471406951636,-1.4895165953275722,6.503800603775142,1.5094704165666297,6.676670070638187,6.290444631057294,1.3342812768744337,1.2570970866668554,matched_full_resolution_source,matched_full_resolution_source
demo_post_pgo,robot1,1510,1520,1722894955703457841,1722894960704418785,5.000961024,-91.74046106048544,41.96017357033393,10.759207602147187,-90.6363248087714,40.778502663842346,16.984587873131485,1.1041362517140385,-1.1816709064915827,6.225380270984298,1.6172393124079583,6.432015431570286,13.455833114604793,1.2861558809801845,2.6906494671782495,matched_full_resolution_source,matched_full_resolution_source
demo_post_pgo,robot1,1520,1530,1722894960704418785,1722894965698954909,4.994536192,-90.6363248087714,40.778502663842346,16.984587873131485,-89.84614585419571,40.198731077353685,23.86885974222481,0.7901789545756941,-0.5797715864886612,6.884271869093325,0.9800601373150098,6.953683702926358,4.576547071641715,1.3922581468254096,0.9163107235006528,matched_full_resolution_source,matched_full_resolution_source
demo_post_pgo,robot1,1530,1540,1722894965698954909,1722894970699835533,5.00088064,-89.84614585419571,40.198731077353685,23.86885974222481,-88.43868721765635,38.16770560427926,30.81112510739468,1.40745863653936,-2.031025473074422,6.94226536516987,2.471033040217474,7.368924798522751,7.300892364959447,1.4735254306175063,1.4599213399661237,matched_full_resolution_source,matched_full_resolution_source
demo_post_pgo,robot1,1540,1550,1722894970699835533,1722894975696242049,4.996406528,-88.43868721765635,38.16770560427926,30.81112510739468,-88.48485691143861,36.18084921527673,37.30417160458055,-0.04616969378226088,-1.9868563890025328,6.493046497185873,1.9873927521112005,6.790388999590661,6.215277062150376,1.359054544808781,1.2439494319206799,matched_full_resolution_source,matched_full_resolution_source
demo_post_pgo,robot1,1550,1560,1722894975696242049,1722894980699677406,5.003435264,-88.48485691143861,36.18084921527673,37.30417160458055,-87.45133746372208,35.70217142354673,44.71395747714857,1.0335194477165288,-0.47867779173,7.4097858725680155,1.138988532472469,7.496814093627528,3.505011617367936,1.4983333845782976,0.7005210285394703,matched_full_resolution_source,matched_full_resolution_source
demo_post_pgo,robot1,1560,1570,1722894980699677406,1722894985701237999,5.001560576,-87.45133746372208,35.70217142354673,44.71395747714857,-86.22153420284559,35.05921001232554,51.11343633501816,1.2298032608764942,-0.6429614112211866,6.399478857869589,1.3877375244555428,6.548216939679217,4.726471302553914,1.3092347558681687,0.9449993118615612,matched_full_resolution_source,matched_full_resolution_source
demo_post_pgo,robot1,1570,1580,1722894985701237999,1722894990699893938,4.998656,-86.22153420284559,35.05921001232554,51.11343633501816,-85.10095990669141,34.013335611852,56.87580777944677,1.1205742961541745,-1.0458744004735436,5.762371444428609,1.532820933692947,5.962756466461932,5.579315690474871,1.1928719372691243,1.116163162753122,matched_full_resolution_source,matched_full_resolution_source
demo_post_pgo,robot1,1580,1590,1722894990699893938,1722894995701161051,5.001266944,-85.10095990669141,34.013335611852,56.87580777944677,-84.23365132454832,32.761159103003536,62.89490320966944,0.8673085821430959,-1.2521765088484642,6.01909543022267,1.5232104864302225,6.20883885956935,2.248618672219753,1.2414532015768662,0.44960980835414355,matched_full_resolution_source,matched_full_resolution_source
demo_post_pgo,robot1,1590,1600,1722894995701161051,1722895000701121404,4.99996032,-84.23365132454832,32.761159103003536,62.89490320966944,-83.48363601834072,30.90747077809785,69.17396337888391,0.7500153062076009,-1.8536883249056864,6.279060169214475,1.9996708142685213,6.589786034011502,1.0687353491574796,1.3179676661936994,0.21374876614170404,matched_full_resolution_source,matched_full_resolution_source
demo_post_pgo,robot1,1600,1610,1722895000701121404,1722895005703972578,5.002851328,-83.48363601834072,30.90747077809785,69.17396337888391,-83.30346594690532,29.462309461482885,76.48058733741057,0.18017007143539843,-1.4451613166149642,7.306623958526657,1.4563490260515621,7.4503493983166384,5.7259043057657335,1.4892206283681588,1.1445281761060826,matched_full_resolution_source,matched_full_resolution_source
demo_post_pgo,robot1,1610,1620,1722895005703972578,1722895010702893558,4.99892096,-83.30346594690532,29.462309461482885,76.48058733741057,-83.04610065549538,27.72683039088737,83.53198542031767,0.2573652914099398,-1.7354790705955168,7.051398082907099,1.7544584628020128,7.266384205457588,1.0678356415874821,1.453590537558247,0.21361322776095304,matched_full_resolution_source,matched_full_resolution_source
demo_post_pgo,robot1,1620,1630,1722895010702893558,1722895015700213441,4.997319936,-83.04610065549538,27.72683039088737,83.53198542031767,-82.45836255817564,26.01686151353536,90.67768632572434,0.5877380973197432,-1.7099688773520079,7.14570090540667,1.8081564181656182,7.370920638704722,10.50433940398045,1.4749747330775504,2.1019945767947825,matched_full_resolution_source,matched_full_resolution_source
demo_post_pgo,robot1,1630,1640,1722895015700213441,1722895020700055920,4.999842304,-82.45836255817564,26.01686151353536,90.67768632572434,-81.20404477804308,24.872522029054213,98.20696968598092,1.2543177801325527,-1.1443394844811472,7.529283360256585,1.6978886740005166,7.718350462912132,5.226873324335976,1.5437187802377799,1.0454076361877145,matched_full_resolution_source,matched_full_resolution_source
demo_post_pgo,robot1,1640,1650,1722895020700055920,1722895025700664507,5.000608768,-81.20404477804308,24.872522029054213,98.20696968598092,-80.51708826041335,23.61024616313719,105.84022474092424,0.6869565176297385,-1.2622758659170223,7.633255054943319,1.437097637180768,7.767356844680711,2.521427204306355,1.5532822512302387,0.5042240497680052,matched_full_resolution_source,matched_full_resolution_source
demo_post_pgo,robot1,1650,1660,1722895025700664507,1722895030709620560,5.008955904,-80.51708826041335,23.61024616313719,105.84022474092424,-79.43729185932968,22.372161422655896,113.06789601602854,1.0797964010836694,-1.2380847404812947,7.227671275104299,1.6428067726929663,7.412020382687415,6.955227419795168,1.4797535703535345,1.3885583249477074,matched_full_resolution_source,matched_full_resolution_source
demo_post_pgo,robot1,1660,1670,1722895030709620560,1722895035700500874,4.990880512,-79.43729185932968,22.372161422655896,113.06789601602854,-78.56008297219556,20.956719164814263,120.60542847474618,0.8772088871341168,-1.415442257841633,7.537532458717635,1.6652243743564696,7.719285445115553,0.5094893764854925,1.5466780714455926,0.10208406618040318,matched_full_resolution_source,matched_full_resolution_source
demo_post_pgo,robot1,1670,1680,1722895035700500874,1722895040705909083,5.005408,-78.56008297219556,20.956719164814263,120.60542847474618,-78.02735073158088,19.410875607798584,128.53601501613338,0.5327322406146777,-1.5458435570156794,7.9305865413872,1.6350645072770746,8.09738469095973,3.6290270669760702,1.6177272044476154,0.7250212304323784,matched_full_resolution_source,matched_full_resolution_source
demo_post_pgo,robot1,1680,1690,1722895040705909083,1722895045701392843,4.995483904,-78.02735073158088,19.410875607798584,128.53601501613338,-77.27525908287993,17.20958273847977,137.98361898250687,0.7520916487009544,-2.201292869318813,9.447603966373492,2.326227019136261,9.729776608432267,6.597952932910751,1.9477145348504494,1.3207835436378077,matched_full_resolution_source,matched_full_resolution_source
demo_post_pgo,robot1,1690,1700,1722895045701392843,1722895050704242506,5.002849536,-77.27525908287993,17.20958273847977,137.98361898250687,-76.66877372201405,15.2891784867324,145.56475614538235,0.6064853608658751,-1.920404251747371,7.5811371628754785,2.013895971264154,7.84406894828224,2.642890095747958,1.5679202206336833,0.5282769503120147,matched_full_resolution_source,matched_full_resolution_source
demo_post_pgo,robot1,1700,1710,1722895050704242506,1722895055696730793,4.992488448,-76.66877372201405,15.2891784867324,145.56475614538235,-75.7253358719529,13.682814422470262,152.04327159240256,0.9434378500611587,-1.606364064262138,6.478515447020214,1.8629225651864318,6.741041676266386,1.8424502651441943,1.3502368100554865,0.3690444723777545,matched_full_resolution_source,matched_full_resolution_source
demo_post_pgo,robot1,1710,1720,1722895055696730793,1722895060703405073,5.006674176,-75.7253358719529,13.682814422470262,152.04327159240256,-74.97924516174358,12.279842681090672,157.51651122833815,0.7460907102093159,-1.4029717413795897,5.473239635935585,1.5890188969833932,5.699239700815067,0.5080597835041144,1.138328459266423,0.10147650229358852,matched_full_resolution_source,matched_full_resolution_source
demo_post_pgo,robot1,1720,1730,1722895060703405073,1722895065695203397,4.991798272,-74.97924516174358,12.279842681090672,157.51651122833815,-74.31054108765015,11.02333361858393,162.16515236036656,0.6687040740934265,-1.2565090625067423,4.648641132028416,1.4233692995392022,4.861670961434675,1.0817506229062888,0.9739317769920242,0.21670559665322325,matched_full_resolution_source,matched_full_resolution_source
demo_post_pgo,robot1,1730,1740,1722895065695203397,1722895070699220083,5.00401664,-74.31054108765015,11.02333361858393,162.16515236036656,-73.6416395216062,9.688670459473707,167.02481234816975,0.6689015660439566,-1.3346631591102227,4.859659987803184,1.4929015551409066,5.083802735197087,1.3441522253389,1.015944410448061,0.268614659390681,matched_full_resolution_source,matched_full_resolution_source
demo_post_pgo,robot1,1740,1750,1722895070699220083,1722895075701271912,5.00205184,-73.6416395216062,9.688670459473707,167.02481234816975,-72.91667778157407,8.395305801056312,172.1893589798413,0.7249617400321284,-1.2933646584173957,5.164546631671556,1.4826873116586512,5.3731651356405905,1.3686700641797171,1.0741922130180463,0.27362172723498146,matched_full_resolution_source,matched_full_resolution_source
demo_post_pgo,robot1,1750,1760,1722895075701271912,1722895080698422395,4.997150464,-72.91667778157407,8.395305801056312,172.1893589798413,-72.2779407078741,6.587088238892634,178.039600150055,0.6387370736999713,-1.8082175621636773,5.850241170213707,1.9177162984748175,6.156537789301662,0.985066482457971,1.2320096890525933,0.19712563981302827,matched_full_resolution_source,matched_full_resolution_source
demo_post_pgo,robot1,1760,1770,1722895080698422395,1722895085696356865,4.997934592,-72.2779407078741,6.587088238892634,178.039600150055,-72.10838404101978,6.375558593582299,179.2478055401777,0.16955666685431936,-0.21152964531033547,1.2082053901226857,0.27109823702831964,1.2382465501027549,1.4285294848839116,0.24775165166922514,0.2858239655978098,matched_full_resolution_source,matched_full_resolution_source
demo_post_pgo,robot1,1770,1780,1722895085696356865,1722895090699793578,5.0034368,-72.10838404101978,6.375558593582299,179.2478055401777,-71.74394531517687,5.911512689822844,180.52164546035712,0.36443872584290204,-0.4640459037594544,1.2738399201794266,0.5900459182893537,1.403859796394446,2.3613558917027286,0.2805791004284187,0.4719467810011567,matched_full_resolution_source,matched_full_resolution_source
demo_post_pgo,robot1,1780,1790,1722895090699793578,1722895095700602609,5.00080896,-71.74394531517687,5.911512689822844,180.52164546035712,-71.8928452845735,4.919644497179463,184.8596445351188,-0.14889996939662353,-0.9918681926433814,4.337999074761683,1.0029824088507053,4.452438622271752,1.1281793240464066,0.8903436739706515,0.22559936463687802,matched_full_resolution_source,matched_full_resolution_source
demo_post_pgo,robot1,1790,1800,1722895095700602609,1722895100698820651,4.998217984,-71.8928452845735,4.919644497179463,184.8596445351188,-72.20313490658395,2.051579279634699,193.45602552084097,-0.3102896220104583,-2.8680652175447636,8.596380985722163,2.884801161539125,9.067515855696257,2.25166264440964,1.8141497399118351,0.45049308605937743,matched_full_resolution_source,matched_full_resolution_source
demo_post_pgo,robot1,1800,1810,1722895100698820651,1722895105702641844,5.003821312,-72.20313490658395,2.051579279634699,193.45602552084097,-71.36414291271524,-0.3723038335550075,200.4515305606559,0.8389919938687171,-2.4238831131897065,6.99550503981493,2.5649789301633708,7.450919921342472,1.8265915317354917,1.4890459624275392,0.3650393205199034,matched_full_resolution_source,matched_full_resolution_source
demo_post_pgo,robot1,1810,1820,1722895105702641844,1722895110699901729,4.997259776,-71.36414291271524,-0.3723038335550075,200.4515305606559,-70.64710135730341,-2.2067230885811595,207.2993767854284,0.717041555411825,-1.834419255026152,6.847846224772496,1.9695792940113155,7.125464231439874,0.5886456286033322,1.4258742892776672,0.11779368193552407,matched_full_resolution_source,matched_full_resolution_source
demo_post_pgo,robot1,1820,1830,1722895110699901729,1722895115698641599,4.998739968,-70.64710135730341,-2.2067230885811595,207.2993767854284,-70.4009172970164,-3.8247810054306415,213.7261356318944,0.2461840602870069,-1.618057916849482,6.426758846466015,1.6366789586900303,6.631888666469595,2.1216951340736254,1.3267120732273296,0.4244459899206394,matched_full_resolution_source,matched_full_resolution_source
demo_post_pgo,robot1,1830,1840,1722895115698641599,1722895120706242828,5.007601152,-70.4009172970164,-3.8247810054306415,213.7261356318944,-68.7963328610336,-4.462763651545959,214.40544678891035,1.604584435982801,-0.6379826461153177,0.6793111570159454,1.7267637559731635,1.8555798869865152,43.263763536819255,0.3705526519909458,8.639618496680795,matched_full_resolution_source,matched_full_resolution_source
demo_post_pgo,robot1,1840,1850,1722895120706242828,1722895125702320860,4.99607808,-68.7963328610336,-4.462763651545959,214.40544678891035,-65.09074425092882,-5.908635051962426,215.53727954378687,3.7055886101047832,-1.4458714004164666,1.1318327548765126,3.977679103934928,4.135574499255446,29.559840797447986,0.8277641848334456,5.916609052964998,matched_full_resolution_source,matched_full_resolution_source
demo_post_pgo,robot1,1850,1860,1722895125702320860,1722895130698968042,4.996647168,-65.09074425092882,-5.908635051962426,215.53727954378687,-58.89993085585941,-7.241627156477487,214.3285505442076,6.190813395069412,-1.3329921045150614,-1.2087289995792787,6.3326959853817675,6.447019795044395,9.888316943509226,1.2902691701613451,1.9789904331922654,matched_full_resolution_source,matched_full_resolution_source
demo_post_pgo,robot1,1860,1870,1722895130698968042,1722895135701931433,5.002963456,-58.89993085585941,-7.241627156477487,214.3285505442076,-53.09217892907844,-8.934458919700235,214.43000667226477,5.807751926780966,-1.692831763222748,0.10145612805717974,6.049434834891923,6.050285544296585,43.45012055705972,1.2093403434799315,8.684876661441622,matched_full_resolution_source,matched_full_resolution_source
demo_post_pgo,robot1,1870,1880,1722895135701931433,1722895140705847620,5.003916032,-53.09217892907844,-8.934458919700235,214.43000667226477,-48.400883130465445,-10.90821812941432,216.56566100852592,4.691295798612998,-1.9737592097140855,2.1356543362611546,5.089595434611197,5.519510950438111,15.954928747637037,1.1030382834445833,3.1884885049240244,matched_full_resolution_source,matched_full_resolution_source
demo_post_pgo,robot1,1880,1890,1722895140705847620,1722895145701185709,4.99533824,-48.400883130465445,-10.90821812941432,216.56566100852592,-42.98780279741136,-13.749676690394343,220.27395471217025,5.413080333054083,-2.8414585609800227,3.7082937036443298,6.113536247202887,7.150298430020369,2.795961787971448,1.4313942492951928,0.5597142082557853,matched_full_resolution_source,matched_full_resolution_source
demo_post_pgo,robot1,1890,1900,1722895145701185709,1722895150700299597,4.999113728,-42.98780279741136,-13.749676690394343,220.27395471217025,-37.02651876656607,-17.24725358613212,224.5269884841657,5.961284030845292,-3.4975768957377777,4.253033771995462,6.911580965163455,8.115309464447042,0.9872656692498384,1.6233496387556163,0.19748813949164037,matched_full_resolution_source,matched_full_resolution_source
demo_post_pgo,robot1,1900,1910,1722895150700299597,1722895155696353382,4.99605376,-37.02651876656607,-17.24725358613212,224.5269884841657,-32.20424898675194,-20.049474720759928,228.21823921637684,4.822269779814128,-2.802221134627807,3.691250732211131,5.5773406850096,6.688203128248466,1.400552304556252,1.3386971897292927,0.2803317121544049,matched_full_resolution_source,matched_full_resolution_source
demo_post_pgo,robot1,1910,1920,1722895155696353382,1722895160698441546,5.002088192,-32.20424898675194,-20.049474720759928,228.21823921637684,-29.2161588389814,-21.888178682027256,230.09735487883196,2.988090147770542,-1.8387039612673277,1.8791156624551206,3.508491839577733,3.9800239523484895,2.797532780712532,0.7956724870852675,0.5592729822690282,matched_full_resolution_source,matched_full_resolution_source
demo_post_pgo,robot1,1920,1930,1722895160698441546,1722895165704301200,5.00585984,-29.2161588389814,-21.888178682027256,230.09735487883196,-23.606508178409506,-25.14659284632236,234.3195853902681,5.609650660571894,-3.258414164295104,4.222230511436123,6.487329450531524,7.7403277638247205,0.7219145692130524,1.5462533932681424,0.14421389976692842,matched_full_resolution_source,matched_full_resolution_source
demo_post_pgo,robot1,1930,1940,1722895165704301200,1722895170702210334,4.997908992,-23.606508178409506,-25.14659284632236,234.3195853902681,-18.271030288752875,-28.46319601425279,238.5604327110598,5.33547788965663,-3.316603167930431,4.2408473207917154,6.282291053790881,7.5797075723808245,2.205531646687487,1.516575748880868,0.4412908778886958,matched_full_resolution_source,matched_full_resolution_source
demo_post_pgo,robot1,1940,1950,1722895170702210334,1722895175697579423,4.995369216,-18.271030288752875,-28.46319601425279,238.5604327110598,-16.554033771228557,-29.50057063781705,239.8117042487065,1.7169965175243185,-1.0373746235642578,1.2512715376466872,2.0060466472157925,2.364297699472388,1.688095003209814,0.4732978879518298,0.3379319786419195,matched_full_resolution_source,matched_full_resolution_source
demo_post_pgo,robot1,1950,1960,1722895175697579423,1722895180696821242,4.999241728,-16.554033771228557,-29.50057063781705,239.8117042487065,-15.771463128024436,-29.99896964071436,240.28659051013523,0.7825706432041208,-0.49839900289731176,0.47488626142873613,0.9278029843096788,1.0422741189282732,0.98522323574022,0.2084864416718745,0.19707453436830888,matched_full_resolution_source,matched_full_resolution_source
demo_post_pgo,robot1,1960,1970,1722895180696821242,1722895185699297172,5.002476032,-15.771463128024436,-29.99896964071436,240.28659051013523,-15.717830537236908,-30.021891130282377,240.27815957673783,0.05363259078752769,-0.02292148956801654,-0.008430933397391982,0.05832537594048658,0.058931571475316614,0.7097708452487443,0.011780480525711916,0.14188390723083116,matched_full_resolution_source,matched_full_resolution_source
demo_post_pgo,robot1,1970,1980,1722895185699297172,1722895190700045030,5.000747776,-15.717830537236908,-30.021891130282377,240.27815957673783,-15.721298904358916,-29.97414885463614,240.30619129308528,-0.0034683671220072654,0.04774227564623601,0.02803171634744217,0.047868094325700924,0.055471898973783636,0.07176930505590948,0.011092720820675847,0.014351714637628922,matched_full_resolution_source,matched_full_resolution_source
demo_post_pgo,robot1,1980,1990,1722895190700045030,1722895195697797222,4.997752064,-15.721298904358916,-29.97414885463614,240.30619129308528,-15.726073336126438,-29.960318928644163,240.33021611095515,-0.004774431767522458,0.013829925991977632,0.024024817869872095,0.014630859566215038,0.02812923613123598,0.06055552795647199,0.0056283776728056545,0.012116553038448606,matched_full_resolution_source,matched_full_resolution_source
