demo_source,full_source,robot_id,keyframe_i,keyframe_j,keyframe_stride,direct_chord_length_m,full_resolution_path_length_m,chord_to_path_ratio,max_intermediate_chord_deviation_m,max_intermediate_step_m,max_intermediate_local_step_m,max_intermediate_dt_s,dt_s,implied_chord_speed_mps,classification,chord_shape_artifact_flag,chord_deviation_p99_5_m
demo_local,local,robot1,50,60,10,424.916039013945,429.8410644182623,0.9885422175496826,2.423396903512463,291.4541309594217,291.4541309594217,0.501919488,5.000029704,84.98270293754739,TRUE_TRAJECTORY_JUMP,True,2.302644425524617
demo_local,local,robot1,60,70,10,421.03650917079926,421.0372765359901,0.9999981774412063,0.13823786696680837,90.47965692696502,90.47965692696502,0.503908096,5.004089615,84.13848303370148,TRUE_TRAJECTORY_JUMP,False,2.302644425524617
demo_local,local,robot1,880,890,10,10.346483506344514,10.348895574056218,0.9997669251086317,0.06721379690325753,1.102310888264701,1.102310888264701,0.5035392,5.001079626,2.0688499844222465,TRUE_TRAJECTORY_JUMP,False,2.302644425524617
demo_local,local,robot1,900,910,10,9.21503968737019,9.30440649447456,0.9903952168085691,0.4043574651088498,1.1276515267705258,1.1276515267705258,0.5051968,4.998519073,1.8435539712444327,TRUE_TRAJECTORY_JUMP,False,2.302644425524617
demo_local,local,robot1,890,900,10,9.19868635717244,9.213644968695654,0.9983764718985767,0.1515076668202489,0.9873938418159469,0.9873938418159469,0.50336128,5.002398233,1.8388552707559778,NORMAL_LONG_SEGMENT,False,2.302644425524617
demo_local,local,robot1,910,920,10,8.68355008798958,8.689636228639582,0.999299609271336,0.09402292991404995,0.930177002031973,0.930177002031973,0.512547584,4.998090264,1.7373736025807758,NORMAL_LONG_SEGMENT,False,2.302644425524617
demo_local,local,robot1,640,650,10,8.382365927064408,8.383620911777511,0.9998503051692926,0.045443521510757805,0.916132178893666,0.916132178893666,0.504777728,5.001212374,1.6760667814552617,NORMAL_LONG_SEGMENT,False,2.302644425524617
demo_local,local,robot1,870,880,10,8.31235520769167,8.314958740434502,0.9996868856690567,0.03754528928628637,1.0809421817300826,1.0809421817300826,0.505181952,4.999928794,1.6624947174581044,TRUE_TRAJECTORY_JUMP,False,2.302644425524617
demo_local,local,robot1,580,590,10,7.910677550290183,7.9164941972786576,0.9992652496365785,0.10430020459416353,0.8832746754070242,0.8832746754070242,0.504494592,5.001305088,1.5817226526073875,NORMAL_LONG_SEGMENT,False,2.302644425524617
demo_local,local,robot1,1350,1360,10,7.87852293894667,7.890312112736274,0.9985058672431253,0.07159114201966063,0.8625939658111599,0.8625939658111599,0.5125952,5.004956852,1.5741440279946433,NORMAL_LONG_SEGMENT,False,2.302644425524617
demo_local,local,robot3,40,50,10,429.22183511082767,676.3319071853123,0.6346319470526216,123.51555669317811,333.57520142600066,333.57520142600066,0.54909056,4.997619827,85.885251373449,TRUE_TRAJECTORY_JUMP,True,2.385632878549916
demo_local,local,robot3,50,60,10,355.8921331994587,365.49343492557796,0.9737305767801978,2.4646599289899305,124.24210500234645,124.24210500234645,0.5488576,4.953045315,71.85319547181626,TRUE_TRAJECTORY_JUMP,True,2.385632878549916
demo_local,local,robot3,60,70,10,74.7228810354109,75.56830065902496,0.988812509792582,2.9770643165763313,17.109805771416543,17.109805771416543,0.550567936,5.051117992,14.793335090124122,TRUE_TRAJECTORY_JUMP,True,2.385632878549916
demo_local,local,robot3,3780,3790,10,11.96707627938137,11.969785002073262,0.9997737033128479,0.04415765416663721,1.463350375760496,1.463350375760496,0.502846464,5.000463503,2.3931934054116764,NORMAL_LONG_SEGMENT,False,2.385632878549916
demo_local,local,robot3,3260,3270,10,10.503138278139486,10.551303286447862,0.995435160282973,0.26043597262904916,1.2247447447088209,1.2247447447088209,0.510999808,5.001088898,2.1001702813840857,NORMAL_LONG_SEGMENT,False,2.385632878549916
demo_local,local,robot3,3760,3770,10,10.404856511541594,10.415163425370546,0.9990103934611486,0.1387630467390997,1.2907175357256553,1.2907175357256553,0.50546816,5.000970279,2.0805675561067645,NORMAL_LONG_SEGMENT,False,2.385632878549916
demo_local,local,robot3,3770,3780,10,10.350098012400037,10.360361670575632,0.9990093339883351,0.15737163101160181,1.291780413543924,1.291780413543924,0.507497984,4.999679428,2.070152329054493,NORMAL_LONG_SEGMENT,False,2.385632878549916
demo_local,local,robot3,2470,2480,10,10.11388094298095,10.118419732303686,0.9995514329862948,0.09588678303708696,1.2006117410358021,1.2006117410358021,0.503677184,4.999782005,2.0228643834604445,NORMAL_LONG_SEGMENT,False,2.385632878549916
demo_local,local,robot3,1020,1030,10,9.735503590275645,9.745955557919533,0.9989275584541943,0.09612904811438992,1.059256141158096,1.059256141158096,0.503964928,5.002267667,1.9462180431688694,NORMAL_LONG_SEGMENT,False,2.385632878549916
demo_local,local,robot3,3280,3290,10,9.677962163494575,9.685203656594059,0.999252313801935,0.061898707067860624,1.0599495437857365,1.0599495437857365,0.503069696,4.995529409,1.9373246299098255,NORMAL_LONG_SEGMENT,False,2.385632878549916
demo_post_pgo,post_pgo,robot1,50,60,10,414.34616434783203,424.6108238848976,0.9758257233220035,7.465842003641455,287.0452949226178,291.4541309594217,0.501919488,5.000029704,82.86874056295247,UPSTREAM_JUMP_VISIBLE_IN_DEMO,True,4.285283335775843
demo_post_pgo,post_pgo,robot1,60,70,10,413.03816147154004,413.1798352622022,0.9996571134925493,4.253156480544907,88.54038732103517,90.47965692696502,0.503908096,5.004089615,82.54012083105751,UPSTREAM_JUMP_VISIBLE_IN_DEMO,False,4.285283335775843
demo_post_pgo,post_pgo,robot1,880,890,10,9.908363083239042,9.915852601747623,0.999244692432473,0.13530859329290895,1.057143097927118,1.102310888264701,0.5035392,5.001079626,1.9812448159646723,UPSTREAM_JUMP_VISIBLE_IN_DEMO,False,4.285283335775843
demo_post_pgo,post_pgo,robot1,890,900,10,8.939656478888285,8.957569734614822,0.9980002102961795,0.18512024688216197,0.9709956897270425,0.9873938418159469,0.50336128,5.002398233,1.7870741317464167,NORMAL_LONG_SEGMENT,False,4.285283335775843
demo_post_pgo,post_pgo,robot1,900,910,10,8.763682228856895,8.884644306376927,0.9863852650315769,0.5790722201335208,1.1462605554749552,1.1276515267705258,0.5051968,4.998519073,1.753255734522411,UPSTREAM_JUMP_VISIBLE_IN_DEMO,False,4.285283335775843
demo_post_pgo,post_pgo,robot1,910,920,10,8.63343905083703,8.64123414497513,0.9990979188843491,0.08777531319232837,0.9328390552955115,0.930177002031973,0.512547584,4.998090264,1.7273475657335646,NORMAL_LONG_SEGMENT,False,4.285283335775843
demo_post_pgo,post_pgo,robot1,640,650,10,8.174897887680778,8.188867271198028,0.9982941006302077,0.18788925309875518,0.9309776713793823,0.916132178893666,0.504777728,5.001212374,1.634583232293822,NORMAL_LONG_SEGMENT,False,4.285283335775843
demo_post_pgo,post_pgo,robot1,870,880,10,8.158408288299656,8.296233250494664,0.9833870434890689,0.5427440984905699,1.0718279572838971,1.0809421817300826,0.505181952,4.999928794,1.6317048950956834,UPSTREAM_JUMP_VISIBLE_IN_DEMO,False,4.285283335775843
demo_post_pgo,post_pgo,robot1,1350,1360,10,7.990576881114084,8.00002613509357,0.9988188471112569,0.07248529573078602,0.8767624407979366,0.8625939658111599,0.5125952,5.004956852,1.5965326210396835,NORMAL_LONG_SEGMENT,False,4.285283335775843
demo_post_pgo,post_pgo,robot1,580,590,10,7.876682932924465,7.886167034968377,0.9987973749475686,0.14538888046416296,0.8814957810172509,0.8832746754070242,0.504494592,5.001305088,1.5749255033098404,NORMAL_LONG_SEGMENT,False,4.285283335775843
demo_post_pgo,post_pgo,robot3,40,50,10,566.7418355481143,670.31360269128,0.8454875945716608,96.852271278487,336.71213335261547,333.57520142600066,0.54909056,4.997619827,113.40235055220703,UPSTREAM_JUMP_VISIBLE_IN_DEMO,True,3.689778833974388
demo_post_pgo,post_pgo,robot3,50,60,10,256.644433897656,343.61660128708695,0.7468918350753172,92.93082915007639,119.30499311884331,124.24210500234645,0.5488576,4.953045315,51.81548271331654,UPSTREAM_JUMP_VISIBLE_IN_DEMO,True,3.689778833974388
demo_post_pgo,post_pgo,robot3,60,70,10,66.33347778574351,74.33690385280045,0.8923357625587277,3.847055758741242,16.305015570940093,17.109805771416543,0.550567936,5.051117992,13.132434817559794,UPSTREAM_JUMP_VISIBLE_IN_DEMO,True,3.689778833974388
demo_post_pgo,post_pgo,robot3,30,40,10,27.79012117712157,27.79339151600437,0.9998823339396735,0.1739757250205433,2.820991222472315,0.10822793547749589,0.549187072,5.049556382,5.5034777463192945,TRUE_TRAJECTORY_JUMP,False,3.689778833974388
demo_post_pgo,post_pgo,robot3,20,30,10,26.14755268869518,26.17134935341139,0.9990907360413532,0.31601976479401983,2.7927352672101717,0.34206527229191525,0.546185216,4.99937988,5.230159203004029,TRUE_TRAJECTORY_JUMP,False,3.689778833974388
demo_post_pgo,post_pgo,robot3,10,20,10,15.812942622891109,15.815405233090189,0.9998442904141382,0.07761182921874436,1.6680709950117578,0.6172031776338485,0.550757888,4.99970794,3.1627732684903807,NORMAL_LONG_SEGMENT,False,3.689778833974388
demo_post_pgo,post_pgo,robot3,0,10,10,11.899413062515281,12.531809841490226,0.9495366761087285,1.518041966767279,1.7735491199356117,0.7517147994613239,0.546976768,5.001021574,2.379396466589864,NORMAL_LONG_SEGMENT,False,3.689778833974388
demo_post_pgo,post_pgo,robot3,3780,3790,10,11.521377720606322,11.527687300896817,0.9994526586186976,0.13647986576705753,1.4153760369336297,1.463350375760496,0.502846464,5.000463503,2.304061956195488,NORMAL_LONG_SEGMENT,False,3.689778833974388
demo_post_pgo,post_pgo,robot3,3760,3770,10,10.211251078038039,10.236908180720027,0.9974936668153076,0.2885922530242352,1.2916743768654666,1.2907175357256553,0.50546816,5.000970279,2.041853981999648,NORMAL_LONG_SEGMENT,False,3.689778833974388
demo_post_pgo,post_pgo,robot3,3770,3780,10,10.10736025167275,10.117173307372607,0.9990300595431428,0.12430418282495122,1.2746433380028217,1.291780413543924,0.507497984,4.999679428,2.0216016641122834,NORMAL_LONG_SEGMENT,False,3.689778833974388
demo_pre_pgo,pre_pgo,robot1,50,60,10,424.916039013945,429.8410644182623,0.9885422175496826,2.423396903512463,291.4541309594217,291.4541309594217,0.501919488,5.000029704,84.98270293754739,UPSTREAM_JUMP_VISIBLE_IN_DEMO,True,2.302644425524617
demo_pre_pgo,pre_pgo,robot1,60,70,10,421.03650917079926,421.03727653599003,0.9999981774412064,0.13823786696680837,90.47965692696503,90.47965692696502,0.503908096,5.004089615,84.13848303370148,UPSTREAM_JUMP_VISIBLE_IN_DEMO,False,2.302644425524617
demo_pre_pgo,pre_pgo,robot1,880,890,10,10.346483506344516,10.348895574056222,0.9997669251086316,0.06721379690325753,1.102310888264701,1.102310888264701,0.5035392,5.001079626,2.0688499844222465,UPSTREAM_JUMP_VISIBLE_IN_DEMO,False,2.302644425524617
demo_pre_pgo,pre_pgo,robot1,900,910,10,9.21503968737019,9.30440649447456,0.9903952168085691,0.4043574651088498,1.1276515267705258,1.1276515267705258,0.5051968,4.998519073,1.8435539712444327,UPSTREAM_JUMP_VISIBLE_IN_DEMO,False,2.302644425524617
demo_pre_pgo,pre_pgo,robot1,890,900,10,9.19868635717244,9.213644968695654,0.9983764718985767,0.1515076668202489,0.9873938418159469,0.9873938418159469,0.50336128,5.002398233,1.8388552707559778,NORMAL_LONG_SEGMENT,False,2.302644425524617
demo_pre_pgo,pre_pgo,robot1,910,920,10,8.68355008798958,8.689636228639584,0.9992996092713359,0.0940229299140503,0.9301770020319784,0.930177002031973,0.512547584,4.998090264,1.7373736025807758,NORMAL_LONG_SEGMENT,False,2.302644425524617
demo_pre_pgo,pre_pgo,robot1,640,650,10,8.382365927064408,8.383620911777511,0.9998503051692926,0.045443521510757805,0.916132178893666,0.916132178893666,0.504777728,5.001212374,1.6760667814552617,NORMAL_LONG_SEGMENT,False,2.302644425524617
demo_pre_pgo,pre_pgo,robot1,870,880,10,8.312355207691667,8.314958740434498,0.9996868856690567,0.037545289286289016,1.0809421817300826,1.0809421817300826,0.505181952,4.999928794,1.6624947174581037,UPSTREAM_JUMP_VISIBLE_IN_DEMO,False,2.302644425524617
demo_pre_pgo,pre_pgo,robot1,580,590,10,7.910677550290185,7.91649419727866,0.9992652496365784,0.10430020459416489,0.8832746754070242,0.8832746754070242,0.504494592,5.001305088,1.5817226526073878,NORMAL_LONG_SEGMENT,False,2.302644425524617
demo_pre_pgo,pre_pgo,robot1,1350,1360,10,7.878522938946675,7.890312112736279,0.9985058672431254,0.07159114201966063,0.86259396581117,0.8625939658111599,0.5125952,5.004956852,1.5741440279946444,NORMAL_LONG_SEGMENT,False,2.302644425524617
demo_pre_pgo,pre_pgo,robot3,40,50,10,429.48898266991097,676.8930791922776,0.6345004785429499,123.66185634736021,333.8256795512973,333.57520142600066,0.54909056,4.997619827,85.9387063316753,UPSTREAM_JUMP_VISIBLE_IN_DEMO,True,2.39099217313509
demo_pre_pgo,pre_pgo,robot3,50,60,10,356.0881908765201,365.6966826484609,0.9737255156312771,2.469700346517999,124.31224888654309,124.24210500234645,0.5488576,4.953045315,71.89277873112295,UPSTREAM_JUMP_VISIBLE_IN_DEMO,True,2.39099217313509
demo_pre_pgo,pre_pgo,robot3,60,70,10,74.79291279783364,75.63925405247761,0.9888108196564604,2.9810242151754105,17.121673160198302,17.109805771416543,0.550567936,5.051117992,14.807199696441705,UPSTREAM_JUMP_VISIBLE_IN_DEMO,True,2.39099217313509
demo_pre_pgo,pre_pgo,robot3,3780,3790,10,11.974103324844155,11.976816805337654,0.9997734389247492,0.04485683308180706,1.4641379612081693,1.463350375760496,0.502846464,5.000463503,2.3945986842340434,NORMAL_LONG_SEGMENT,False,2.39099217313509
demo_pre_pgo,pre_pgo,robot3,3260,3270,10,10.512415302253768,10.560548162160394,0.9954422006161487,0.26062394258267113,1.2265555408646893,1.2247447447088209,0.510999808,5.001088898,2.1020252822256005,NORMAL_LONG_SEGMENT,False,2.39099217313509
demo_pre_pgo,pre_pgo,robot3,3760,3770,10,10.412801036306817,10.422953430435564,0.9990259580265319,0.13637654856417192,1.2915456001372063,1.2907175357256553,0.50546816,5.000970279,2.0821561527834103,NORMAL_LONG_SEGMENT,False,2.39099217313509
demo_pre_pgo,pre_pgo,robot3,3770,3780,10,10.363161293039312,10.37346501064453,0.9990067236362541,0.15774893897802122,1.2930188532331537,1.291780413543924,0.507497984,4.999679428,2.072765152701969,NORMAL_LONG_SEGMENT,False,2.39099217313509
demo_pre_pgo,pre_pgo,robot3,2470,2480,10,10.088250508134896,10.092805691329039,0.9995486702772792,0.09611026133458289,1.1976343831035858,1.2006117410358021,0.503677184,4.999782005,2.0177380729892236,NORMAL_LONG_SEGMENT,False,2.39099217313509
demo_pre_pgo,pre_pgo,robot3,1020,1030,10,9.740646741468039,9.751116176961556,0.9989263346571285,0.09625353866273184,1.0601284160478937,1.059256141158096,0.503964928,5.002267667,1.9472462071006644,NORMAL_LONG_SEGMENT,False,2.39099217313509
demo_pre_pgo,pre_pgo,robot3,3280,3290,10,9.687546143556064,9.694764525676959,0.999255435023535,0.06216074282369272,1.0614271841341973,1.0599495437857365,0.503069696,4.995529409,1.9392431412980724,NORMAL_LONG_SEGMENT,False,2.39099217313509
