event_id,robot_id,phase,timestamp_ns,match_error_s,pose_position_covariance_trace,pose_orientation_covariance_proxy,pose_covariance_max_diagonal,pose_covariance_nonfinite,twist_position_covariance_trace,twist_orientation_covariance_proxy,twist_covariance_max_diagonal,twist_covariance_nonfinite
robot1_rank01,robot1,before,1722894229199806487,0.003845007,324575.23014183156,0.006430195923648062,141205.56165363733,False,0.0,12.44270325171506,4.225513607909534,False
robot1_rank01,robot1,at_peak,1722894229389856367,0.0,279659.1135898747,0.0015561651923820786,141231.59451100603,False,0.0,12.455764846317564,4.232771100602406,False
robot1_rank01,robot1,after,1722894229700920064,0.003038899,279659.1135898747,0.0015561651923820786,141231.59451100603,False,0.0,12.455764846317564,4.232771100602406,False
robot1_rank02,robot1,before,1722894233701081035,0.002380936,5295.993056838257,7.418774529968735e-05,5295.842175102094,False,0.0,0.05841709009622185,0.05717814236916774,False
robot1_rank02,robot1,at_peak,1722894234099633087,0.0,1855.1081294242472,6.775965000737858e-05,1854.9680266901996,False,0.0,0.022334557559577722,0.02103531076330456,False
robot1_rank02,robot1,after,1722894234199855814,0.003711557,1855.1081294242472,6.775965000737858e-05,1854.9680266901996,False,0.0,0.022334557559577722,0.02103531076330456,False
robot1_rank03,robot1,before,1722894233200250863,0.002846594,6184.940195069107,8.269761564283231e-05,6184.803893865086,False,0.0,0.06891989002206077,0.06766500595009362,False
robot1_rank03,robot1,at_peak,1722894233619632499,0.0,5295.993056838257,7.418774529968735e-05,5295.842175102094,False,0.0,0.05841709009622185,0.05717814236916774,False
robot1_rank03,robot1,after,1722894233701081035,0.002380936,5295.993056838257,7.418774529968735e-05,5295.842175102094,False,0.0,0.05841709009622185,0.05717814236916774,False
robot1_rank04,robot1,before,1722894228699963881,0.004661076,406563.2746737795,0.009858698797183036,140227.0047169188,False,0.0,12.428898694931732,4.218479760369576,False
robot1_rank04,robot1,at_peak,1722894229140519617,0.0,324575.23014183156,0.006430195923648062,141205.56165363733,False,0.0,12.44270325171506,4.225513607909534,False
robot1_rank04,robot1,after,1722894229199806487,0.003845007,324575.23014183156,0.006430195923648062,141205.56165363733,False,0.0,12.44270325171506,4.225513607909534,False
robot1_rank05,robot1,before,1722894234199855814,0.003711557,1855.1081294242472,6.775965000737858e-05,1854.9680266901996,False,0.0,0.022334557559577722,0.02103531076330456,False
robot1_rank05,robot1,at_peak,1722894234360894898,0.0,1855.1081294242472,6.775965000737858e-05,1854.9680266901996,False,0.0,0.022334557559577722,0.02103531076330456,False
robot1_rank05,robot1,after,1722894234691372601,0.00445581,270.8136639547998,6.185668568170229e-05,270.6577494781377,False,0.0,0.005804667624816573,0.004378472783144238,False
robot1_rank06,robot1,before,1722894229700920064,0.003038899,279659.1135898747,0.0015561651923820786,141231.59451100603,False,0.0,12.455764846317564,4.232771100602406,False
robot1_rank06,robot1,at_peak,1722894230099847905,0.0,279283.3319484638,0.00029579843022657784,141277.060285151,False,0.0,12.449418117488634,4.240268509185853,False
robot1_rank06,robot1,after,1722894230200333233,0.002377872,279283.3319484638,0.00029579843022657784,141277.060285151,False,0.0,12.449418117488634,4.240268509185853,False
robot1_rank07,robot1,before,1722894232699543829,0.003256698,6014.773645081034,9.306791727731695e-05,6014.657366611587,False,0.0,0.06876778746079817,0.06760483025595931,False
robot1_rank07,robot1,at_peak,1722894233210227107,0.0,6184.940195069107,8.269761564283231e-05,6184.803893865086,False,0.0,0.06891989002206077,0.06766500595009362,False
robot1_rank07,robot1,after,1722894233200250863,0.002846594,6184.940195069107,8.269761564283231e-05,6184.803893865086,False,0.0,0.06891989002206077,0.06766500595009362,False
robot1_rank08,robot1,before,1722894232199924565,0.003076902,5576.141861237394,0.0001073876543375161,5576.0438758172095,False,0.0,0.06792413872523817,0.06681643103179002,False
robot1_rank08,robot1,at_peak,1722894232710483977,0.0,6014.773645081034,9.306791727731695e-05,6014.657366611587,False,0.0,0.06876778746079817,0.06760483025595931,False
robot1_rank08,robot1,after,1722894232699543829,0.003256698,6014.773645081034,9.306791727731695e-05,6014.657366611587,False,0.0,0.06876778746079817,0.06760483025595931,False
robot1_rank09,robot1,before,1722894231700378869,0.003175174,5134.638772993422,0.00012716984080784495,5134.562401446106,False,0.0,0.07594145057740109,0.07495727703969024,False
robot1_rank09,robot1,at_peak,1722894232129770277,0.0,5576.141861237394,0.0001073876543375161,5576.0438758172095,False,0.0,0.06792413872523817,0.06681643103179002,False
robot1_rank09,robot1,after,1722894232199924565,0.003076902,5576.141861237394,0.0001073876543375161,5576.0438758172095,False,0.0,0.06792413872523817,0.06681643103179002,False
robot1_rank10,robot1,before,1722894231201233766,0.003560402,4707.704005575139,0.0001562587357810145,4707.633697372163,False,0.0,0.201907385024095,0.2002868366535404,False
robot1_rank10,robot1,at_peak,1722894231709448733,0.0,5134.638772993422,0.00012716984080784495,5134.562401446106,False,0.0,0.07594145057740109,0.07495727703969024,False
robot1_rank10,robot1,after,1722894231700378869,0.003175174,5134.638772993422,0.00012716984080784495,5134.562401446106,False,0.0,0.07594145057740109,0.07495727703969024,False
robot3_rank01,robot3,before,1722894230669035695,0.003809398,374793.07392862905,0.00016210674635546655,163567.1488708118,False,0.0,12.406487097620982,4.231809745364501,False
robot3_rank01,robot3,at_peak,1722894230878469772,0.0,374793.07392862905,0.00016210674635546655,163567.1488708118,False,0.0,12.406487097620982,4.231809745364501,False
robot3_rank01,robot3,after,1722894231168538146,0.004302861,308231.67343732924,0.0001851526897277408,163657.35925108287,False,0.0,12.420512411524328,4.239503644443232,False
robot3_rank02,robot3,before,1722894231168538146,0.004302861,308231.67343732924,0.0001851526897277408,163657.35925108287,False,0.0,12.420512411524328,4.239503644443232,False
robot3_rank02,robot3,at_peak,1722894231158507441,0.0,308231.67343732924,0.0001851526897277408,163657.35925108287,False,0.0,12.420512411524328,4.239503644443232,False
robot3_rank02,robot3,after,1722894231678083019,0.004638894,302629.02141188644,0.00021095552958659493,163689.43510741368,False,0.0,12.431024594858798,4.2479750043731315,False
robot3_rank03,robot3,before,1722894235629820495,0.004949059,7223.243642440224,0.0017024214433473477,7214.159876578546,False,0.0,0.22144659060908045,0.20141089823264569,False
robot3_rank03,robot3,at_peak,1722894235718996396,0.0,7223.243642440224,0.0017024214433473477,7214.159876578546,False,0.0,0.22144659060908045,0.20141089823264569,False
robot3_rank03,robot3,after,1722894236169968477,0.003760556,788.0401567205083,0.0018026133091059641,784.2699359508733,False,0.0,0.12182748948397316,0.099073313220984,False
robot3_rank04,robot3,before,1722894235128695372,0.004419544,10544.534433531226,0.0014212100213214464,10534.908394473663,False,0.0,0.30237647206543206,0.28339722453212346,False
robot3_rank04,robot3,at_peak,1722894235629820495,0.0,7223.243642440224,0.0017024214433473477,7214.159876578546,False,0.0,0.22144659060908045,0.20141089823264569,False
robot3_rank04,robot3,after,1722894235629820495,0.004949059,7223.243642440224,0.0017024214433473477,7214.159876578546,False,0.0,0.22144659060908045,0.20141089823264569,False
robot3_rank05,robot3,before,1722894236169968477,0.003760556,788.0401567205083,0.0018026133091059641,784.2699359508733,False,0.0,0.12182748948397316,0.099073313220984,False
robot3_rank05,robot3,at_peak,1722894236188966903,0.0,788.0401567205083,0.0018026133091059641,784.2699359508733,False,0.0,0.12182748948397316,0.099073313220984,False
robot3_rank05,robot3,after,1722894236670354137,0.003587895,853.2882016812209,0.0020808562945076395,848.003442045534,False,0.0,0.11681843498303168,0.08827659601196558,False
robot3_rank06,robot3,before,1722894234671874273,0.001237034,10296.535676688027,0.001169631372239772,10287.38720035553,False,0.0,0.3487796494360442,0.3310640963498521,False
robot3_rank06,robot3,at_peak,1722894235128695372,0.0,10544.534433531226,0.0014212100213214464,10534.908394473663,False,0.0,0.30237647206543206,0.28339722453212346,False
robot3_rank06,robot3,after,1722894235128695372,0.004419544,10544.534433531226,0.0014212100213214464,10534.908394473663,False,0.0,0.30237647206543206,0.28339722453212346,False
robot3_rank07,robot3,before,1722894234167890877,0.004777798,9140.054791856055,0.0008556326421558958,9132.168075576425,False,0.0,0.3467454695250123,0.32979727163910866,False
robot3_rank07,robot3,at_peak,1722894234718145672,0.0,10296.535676688027,0.001169631372239772,10287.38720035553,False,0.0,0.3487796494360442,0.3310640963498521,False
robot3_rank07,robot3,after,1722894234671874273,0.001237034,10296.535676688027,0.001169631372239772,10287.38720035553,False,0.0,0.3487796494360442,0.3310640963498521,False
robot3_rank08,robot3,before,1722894233671444926,0.000810451,7857.675888250105,0.0006190135135324014,7848.338850797154,False,0.0,0.4759155637011672,0.4547799491838447,False
robot3_rank08,robot3,at_peak,1722894233728764065,0.0,7857.675888250105,0.0006190135135324014,7848.338850797154,False,0.0,0.4759155637011672,0.4547799491838447,False
robot3_rank08,robot3,after,1722894234167890877,0.004777798,9140.054791856055,0.0008556326421558958,9132.168075576425,False,0.0,0.3467454695250123,0.32979727163910866,False
robot3_rank09,robot3,before,1722894233168603710,0.004102728,6671.416369640757,0.00046012625616381736,6664.0917099365615,False,0.0,0.620622511991429,0.6025919236244626,False
robot3_rank09,robot3,at_peak,1722894233718794381,0.0,7857.675888250105,0.0006190135135324014,7848.338850797154,False,0.0,0.4759155637011672,0.4547799491838447,False
robot3_rank09,robot3,after,1722894233671444926,0.000810451,7857.675888250105,0.0006190135135324014,7848.338850797154,False,0.0,0.4759155637011672,0.4547799491838447,False
robot3_rank10,robot3,before,1722894231678083019,0.004638894,302629.02141188644,0.00021095552958659493,163689.43510741368,False,0.0,12.431024594858798,4.2479750043731315,False
robot3_rank10,robot3,at_peak,1722894231719099681,0.0,302629.02141188644,0.00021095552958659493,163689.43510741368,False,0.0,12.431024594858798,4.2479750043731315,False
robot3_rank10,robot3,after,1722894232178691193,0.001841839,5317.842983362797,0.0002854798897254517,5310.972456084797,False,0.0,10.003822352166537,4.5280198159161955,False
