event_id,robot_id,keyframe_i,keyframe_j,seconds_since_bag_start,ekf_translation_xyz_m,ekf_earth_translation_m,raw_gnss1_translation_m,raw_gnss2_translation_m,pose_position_covariance_trace_before,pose_position_covariance_trace_after,frame_status,tf_status,vendor_status_decode,post_jump_category,classification,confidence,likely_mechanism,supporting_evidence
robot1_rank01,robot1,57,58,31.597761553,298.10089203480135,298.1008920347517,0.0,0.0,324575.23014183156,279659.1135898747,NO_FRAME_CHANGE,NOT_AVAILABLE_IN_ARCHIVE,UNSUPPORTED_SCHEMA_VERSION,OTHER,EKF_STATE_RESET_OR_REINITIALIZATION,MEDIUM,early EKF position-estimate instability/convergence; discrete reset not proven,EKF map+earth large displacement; raw dual-GNSS nearly static; large EKF covariance; stable frame IDs; early in recording
robot1_rank02,robot1,66,67,36.100500172,92.39158335584055,92.39158335588837,0.0,0.0,5295.993056838257,1855.1081294242472,NO_FRAME_CHANGE,NOT_AVAILABLE_IN_ARCHIVE,UNSUPPORTED_SCHEMA_VERSION,PERSISTENT_OFFSET,EKF_STATE_RESET_OR_REINITIALIZATION,MEDIUM,early EKF position-estimate instability/convergence; discrete reset not proven,EKF map+earth large displacement; raw dual-GNSS nearly static; large EKF covariance; stable frame IDs; early in recording
robot1_rank03,robot1,65,66,35.599204342,74.267992452495,74.26799245254293,0.008526781622438216,0.0,6184.940195069107,5295.993056838257,NO_FRAME_CHANGE,NOT_AVAILABLE_IN_ARCHIVE,UNSUPPORTED_SCHEMA_VERSION,PERSISTENT_OFFSET,EKF_STATE_RESET_OR_REINITIALIZATION,MEDIUM,early EKF position-estimate instability/convergence; discrete reset not proven,EKF map+earth large displacement; raw dual-GNSS nearly static; large EKF covariance; stable frame IDs; early in recording
robot1_rank04,robot1,56,57,31.097102878,71.40608800247158,71.4060880023722,0.0,0.0,406563.2746737795,324575.23014183156,NO_FRAME_CHANGE,NOT_AVAILABLE_IN_ARCHIVE,UNSUPPORTED_SCHEMA_VERSION,OTHER,EKF_STATE_RESET_OR_REINITIALIZATION,MEDIUM,early EKF position-estimate instability/convergence; discrete reset not proven,EKF map+earth large displacement; raw dual-GNSS nearly static; large EKF covariance; stable frame IDs; early in recording
robot1_rank05,robot1,67,68,36.59794433,71.04234538416257,71.04234538425797,0.0,0.0,1855.1081294242472,270.8136639547998,NO_FRAME_CHANGE,NOT_AVAILABLE_IN_ARCHIVE,UNSUPPORTED_SCHEMA_VERSION,OTHER,EKF_STATE_RESET_OR_REINITIALIZATION,MEDIUM,early EKF position-estimate instability/convergence; discrete reset not proven,EKF map+earth large displacement; raw dual-GNSS nearly static; large EKF covariance; stable frame IDs; early in recording
robot1_rank06,robot1,58,59,32.099681238,67.51012080168859,67.51012080173797,0.0,0.0,279659.1135898747,279283.3319484638,NO_FRAME_CHANGE,NOT_AVAILABLE_IN_ARCHIVE,UNSUPPORTED_SCHEMA_VERSION,PERSISTENT_OFFSET,EKF_STATE_RESET_OR_REINITIALIZATION,MEDIUM,early EKF position-estimate instability/convergence; discrete reset not proven,EKF map+earth large displacement; raw dual-GNSS nearly static; large EKF covariance; stable frame IDs; early in recording
robot1_rank07,robot1,64,65,35.098087204,53.87695554597565,53.87695554587966,0.008526781622438216,0.0,6014.773645081034,6184.940195069107,NO_FRAME_CHANGE,NOT_AVAILABLE_IN_ARCHIVE,UNSUPPORTED_SCHEMA_VERSION,PERSISTENT_OFFSET,EKF_STATE_RESET_OR_REINITIALIZATION,MEDIUM,early EKF position-estimate instability/convergence; discrete reset not proven,EKF map+earth large displacement; raw dual-GNSS nearly static; large EKF covariance; stable frame IDs; early in recording
robot1_rank08,robot1,63,64,34.598647736,39.24698151678334,39.246981516831575,0.0,0.0,5576.141861237394,6014.773645081034,NO_FRAME_CHANGE,NOT_AVAILABLE_IN_ARCHIVE,UNSUPPORTED_SCHEMA_VERSION,PERSISTENT_OFFSET,EKF_STATE_RESET_OR_REINITIALIZATION,MEDIUM,early EKF position-estimate instability/convergence; discrete reset not proven,EKF map+earth large displacement; raw dual-GNSS nearly static; large EKF covariance; stable frame IDs; early in recording
robot1_rank09,robot1,62,63,34.099003768,30.081265008396667,30.081265008396667,0.0,0.0,5134.638772993422,5576.141861237394,NO_FRAME_CHANGE,NOT_AVAILABLE_IN_ARCHIVE,UNSUPPORTED_SCHEMA_VERSION,PERSISTENT_OFFSET,EKF_STATE_RESET_OR_REINITIALIZATION,MEDIUM,early EKF position-estimate instability/convergence; discrete reset not proven,EKF map+earth large displacement; raw dual-GNSS nearly static; large EKF covariance; stable frame IDs; early in recording
robot1_rank10,robot1,61,62,33.599473437,23.688465416069068,23.688465416023636,0.008526781622438216,0.0,4707.704005575139,5134.638772993422,NO_FRAME_CHANGE,NOT_AVAILABLE_IN_ARCHIVE,UNSUPPORTED_SCHEMA_VERSION,PERSISTENT_OFFSET,EKF_STATE_RESET_OR_REINITIALIZATION,MEDIUM,early EKF position-estimate instability/convergence; discrete reset not proven,EKF map+earth large displacement; raw dual-GNSS nearly static; large EKF covariance; stable frame IDs; early in recording
robot3_rank01,robot3,42,43,33.074645159,344.38378077755897,344.38378077767476,0.0,0.011131949548212394,374793.07392862905,308231.67343732924,NO_FRAME_CHANGE,NOT_AVAILABLE_IN_ARCHIVE,UNSUPPORTED_SCHEMA_VERSION,OTHER,EKF_STATE_RESET_OR_REINITIALIZATION,MEDIUM,early EKF position-estimate instability/convergence; discrete reset not proven,EKF map+earth large displacement; raw dual-GNSS nearly static; large EKF covariance; stable frame IDs; early in recording
robot3_rank02,robot3,43,44,33.574641073,203.6023164534183,203.60231645324458,0.014022349309417698,0.008526778041442579,308231.67343732924,302629.02141188644,NO_FRAME_CHANGE,NOT_AVAILABLE_IN_ARCHIVE,UNSUPPORTED_SCHEMA_VERSION,OTHER,EKF_STATE_RESET_OR_REINITIALIZATION,MEDIUM,early EKF position-estimate instability/convergence; discrete reset not proven,EKF map+earth large displacement; raw dual-GNSS nearly static; large EKF covariance; stable frame IDs; early in recording
robot3_rank03,robot3,52,53,38.026671502,126.8218719239489,126.82187192390212,0.03446721126586879,0.0,7223.243642440224,788.0401567205083,NO_FRAME_CHANGE,NOT_AVAILABLE_IN_ARCHIVE,UNSUPPORTED_SCHEMA_VERSION,PERSISTENT_OFFSET,EKF_STATE_RESET_OR_REINITIALIZATION,MEDIUM,early EKF position-estimate instability/convergence; discrete reset not proven,EKF map+earth large displacement; raw dual-GNSS nearly static; large EKF covariance; stable frame IDs; early in recording
robot3_rank04,robot3,51,52,37.526075894,95.42257393795327,95.42257393800145,0.034467210171294914,0.022263898388309333,10544.534433531226,7223.243642440224,NO_FRAME_CHANGE,NOT_AVAILABLE_IN_ARCHIVE,UNSUPPORTED_SCHEMA_VERSION,PERSISTENT_OFFSET,EKF_STATE_RESET_OR_REINITIALIZATION,MEDIUM,early EKF position-estimate instability/convergence; discrete reset not proven,EKF map+earth large displacement; raw dual-GNSS nearly static; large EKF covariance; stable frame IDs; early in recording
robot3_rank05,robot3,53,54,38.575529099,65.1991652936134,65.19916529365752,0.02384087132341376,0.011131949548212394,788.0401567205083,853.2882016812209,NO_FRAME_CHANGE,NOT_AVAILABLE_IN_ARCHIVE,UNSUPPORTED_SCHEMA_VERSION,OTHER,EKF_STATE_RESET_OR_REINITIALIZATION,MEDIUM,early EKF position-estimate instability/convergence; discrete reset not proven,EKF map+earth large displacement; raw dual-GNSS nearly static; large EKF covariance; stable frame IDs; early in recording
robot3_rank06,robot3,50,51,37.072437305,61.974586914737095,61.97458691478282,0.056089397693491416,0.014022348829790567,10296.535676688027,10544.534433531226,NO_FRAME_CHANGE,NOT_AVAILABLE_IN_ARCHIVE,UNSUPPORTED_SCHEMA_VERSION,PERSISTENT_OFFSET,EKF_STATE_RESET_OR_REINITIALIZATION,MEDIUM,early EKF position-estimate instability/convergence; discrete reset not proven,EKF map+earth large displacement; raw dual-GNSS nearly static; large EKF covariance; stable frame IDs; early in recording
robot3_rank07,robot3,49,50,36.574468741,43.76381368558888,43.76381368546142,0.0,0.011131948840096939,9140.054791856055,10296.535676688027,NO_FRAME_CHANGE,NOT_AVAILABLE_IN_ARCHIVE,UNSUPPORTED_SCHEMA_VERSION,PERSISTENT_OFFSET,EKF_STATE_RESET_OR_REINITIALIZATION,MEDIUM,early EKF position-estimate instability/convergence; discrete reset not proven,EKF map+earth large displacement; raw dual-GNSS nearly static; large EKF covariance; stable frame IDs; early in recording
robot3_rank08,robot3,48,49,36.074055443,30.888765503613392,30.888765503658302,0.023840871765001638,0.008526779176199317,7857.675888250105,9140.054791856055,NO_FRAME_CHANGE,NOT_AVAILABLE_IN_ARCHIVE,UNSUPPORTED_SCHEMA_VERSION,PERSISTENT_OFFSET,EKF_STATE_RESET_OR_REINITIALIZATION,MEDIUM,early EKF position-estimate instability/convergence; discrete reset not proven,EKF map+earth large displacement; raw dual-GNSS nearly static; large EKF covariance; stable frame IDs; early in recording
robot3_rank09,robot3,47,48,35.574506504,23.929176774638695,23.929176774638695,0.014022349879165818,0.014022348724700522,6671.416369640757,7857.675888250105,NO_FRAME_CHANGE,NOT_AVAILABLE_IN_ARCHIVE,UNSUPPORTED_SCHEMA_VERSION,PERSISTENT_OFFSET,EKF_STATE_RESET_OR_REINITIALIZATION,MEDIUM,early EKF position-estimate instability/convergence; discrete reset not proven,EKF map+earth large displacement; raw dual-GNSS nearly static; large EKF covariance; stable frame IDs; early in recording
robot3_rank10,robot3,44,45,34.075244191,22.606318688334937,22.60631868827698,0.014022349879165818,0.02384087042024255,302629.02141188644,5317.842983362797,NO_FRAME_CHANGE,NOT_AVAILABLE_IN_ARCHIVE,UNSUPPORTED_SCHEMA_VERSION,PERSISTENT_OFFSET,EKF_STATE_RESET_OR_REINITIALIZATION,MEDIUM,early EKF position-estimate instability/convergence; discrete reset not proven,EKF map+earth large displacement; raw dual-GNSS nearly static; large EKF covariance; stable frame IDs; early in recording
