event_id,robot_id,topic,samples,max_acceleration_mps2_including_gravity,median_acceleration_mps2_including_gravity,max_angular_velocity_rad_s,ekf_implied_mean_speed_mps,interpretation
robot1_rank01,robot1,robot1/imu/data,253,10.140452096497173,9.795395320164163,0.014917217207960914,593.9217327915376,QUALITATIVE_ONLY; no INS integration or gravity compensation
robot1_rank01,robot1,robot1/ekf/imu/data,50,9.9970577563078,9.804657138634614,0.01673765047315479,593.9217327915376,QUALITATIVE_ONLY; no INS integration or gravity compensation
robot1_rank02,robot1,robot1/imu/data,248,10.100607949488044,9.793367747980167,0.013191543693688933,185.73250049854934,QUALITATIVE_ONLY; no INS integration or gravity compensation
robot1_rank02,robot1,robot1/ekf/imu/data,50,10.149729538295297,9.787865427621568,0.013973782468621097,185.73250049854934,QUALITATIVE_ONLY; no INS integration or gravity compensation
robot1_rank03,robot1,robot1/imu/data,251,10.070050983636898,9.791171985920544,0.012760503158972,148.15201281468958,QUALITATIVE_ONLY; no INS integration or gravity compensation
robot1_rank03,robot1,robot1/ekf/imu/data,50,10.057034618153933,9.78788133402678,0.013420699903865239,148.15201281468958,QUALITATIVE_ONLY; no INS integration or gravity compensation
robot1_rank04,robot1,robot1/imu/data,249,10.08721173517968,9.809569021873763,0.016438446535471544,142.62428619329498,QUALITATIVE_ONLY; no INS integration or gravity compensation
robot1_rank04,robot1,robot1/ekf/imu/data,50,10.149622787157568,9.788533629810026,0.01572207733718674,142.62428619329498,QUALITATIVE_ONLY; no INS integration or gravity compensation
robot1_rank05,robot1,robot1/imu/data,250,10.051802582524507,9.802438352843083,0.012413630822377989,142.17451776604588,QUALITATIVE_ONLY; no INS integration or gravity compensation
robot1_rank05,robot1,robot1/ekf/imu/data,50,10.063187038893302,9.800987776797248,0.013787535206770897,142.17451776604588,QUALITATIVE_ONLY; no INS integration or gravity compensation
robot1_rank06,robot1,robot1/imu/data,250,10.110060573647857,9.798529740866073,0.014458583472029567,135.00019677416014,QUALITATIVE_ONLY; no INS integration or gravity compensation
robot1_rank06,robot1,robot1/ekf/imu/data,50,10.109524546048561,9.77929351478106,0.014553164459432192,135.00019677416014,QUALITATIVE_ONLY; no INS integration or gravity compensation
robot1_rank07,robot1,robot1/imu/data,251,10.067197459939127,9.80704539481396,0.014241434322222753,107.5137408768112,QUALITATIVE_ONLY; no INS integration or gravity compensation
robot1_rank07,robot1,robot1/ekf/imu/data,50,10.148927621368458,9.81880466880368,0.013425817411415238,107.5137408768112,QUALITATIVE_ONLY; no INS integration or gravity compensation
robot1_rank08,robot1,robot1/imu/data,249,10.095833244204108,9.790345498698674,0.01455687084178531,78.58203526406552,QUALITATIVE_ONLY; no INS integration or gravity compensation
robot1_rank08,robot1,robot1/ekf/imu/data,50,10.104566546662124,9.786421320246795,0.014066699858402117,78.58203526406552,QUALITATIVE_ONLY; no INS integration or gravity compensation
robot1_rank09,robot1,robot1/imu/data,250,10.073562285075305,9.799165024907147,0.015732172548734807,60.20540782660417,QUALITATIVE_ONLY; no INS integration or gravity compensation
robot1_rank09,robot1,robot1/ekf/imu/data,50,10.071163278903711,9.78076087786451,0.01510166682968024,60.20540782660417,QUALITATIVE_ONLY; no INS integration or gravity compensation
robot1_rank10,robot1,robot1/imu/data,250,10.10058267763791,9.7990396421701,0.01621145656014996,47.42148426503482,QUALITATIVE_ONLY; no INS integration or gravity compensation
robot1_rank10,robot1,robot1/ekf/imu/data,50,10.133372922912073,9.797322586708411,0.014421785531180537,47.42148426503482,QUALITATIVE_ONLY; no INS integration or gravity compensation
robot3_rank01,robot3,robot3/imu/data,250,10.027598413319517,9.795465110649623,0.00747920059377681,688.773203985205,QUALITATIVE_ONLY; no INS integration or gravity compensation
robot3_rank01,robot3,robot3/ekf/imu/data,50,10.085409120026096,9.785854718235038,0.007687901686972392,688.773203985205,QUALITATIVE_ONLY; no INS integration or gravity compensation
robot3_rank02,robot3,robot3/imu/data,250,10.036973600201124,9.800192203686422,0.007173680350655616,406.71402516627126,QUALITATIVE_ONLY; no INS integration or gravity compensation
robot3_rank02,robot3,robot3/ekf/imu/data,50,10.163326029965962,9.806670691739352,0.006641616511947094,406.71402516627126,QUALITATIVE_ONLY; no INS integration or gravity compensation
robot3_rank03,robot3,robot3/imu/data,273,10.033609377921849,9.798702794196275,0.008363689839515473,231.065165033606,QUALITATIVE_ONLY; no INS integration or gravity compensation
robot3_rank03,robot3,robot3/ekf/imu/data,55,10.0786848604745,9.815336621298117,0.0076204105626441095,231.065165033606,QUALITATIVE_ONLY; no INS integration or gravity compensation
robot3_rank04,robot3,robot3/imu/data,251,10.053008290328048,9.801160208537748,0.00742648617574596,190.6180409670654,QUALITATIVE_ONLY; no INS integration or gravity compensation
robot3_rank04,robot3,robot3/ekf/imu/data,50,10.099668561603943,9.79751518145591,0.007964211978297013,190.6180409670654,QUALITATIVE_ONLY; no INS integration or gravity compensation
robot3_rank05,robot3,robot3/imu/data,250,10.022088873503515,9.799805088145593,0.007599102256020885,130.34280663708432,QUALITATIVE_ONLY; no INS integration or gravity compensation
robot3_rank05,robot3,robot3/ekf/imu/data,50,10.036988029900945,9.811817216323568,0.006975352612207848,130.34280663708432,QUALITATIVE_ONLY; no INS integration or gravity compensation
robot3_rank06,robot3,robot3/imu/data,228,10.023844855688921,9.798487902500202,0.008131473182198255,136.61671259473866,QUALITATIVE_ONLY; no INS integration or gravity compensation
robot3_rank06,robot3,robot3/ekf/imu/data,46,9.999577279867024,9.798879494526105,0.009253186320293661,136.61671259473866,QUALITATIVE_ONLY; no INS integration or gravity compensation
robot3_rank07,robot3,robot3/imu/data,248,10.02407538501169,9.788148032162946,0.00781948988124606,87.88467821103931,QUALITATIVE_ONLY; no INS integration or gravity compensation
robot3_rank07,robot3,robot3/ekf/imu/data,49,10.113762563825318,9.759713655972508,0.00927258308599193,87.88467821103931,QUALITATIVE_ONLY; no INS integration or gravity compensation
robot3_rank08,robot3,robot3/imu/data,250,10.032128651555958,9.801615380597624,0.007378088244520812,61.72652218454219,QUALITATIVE_ONLY; no INS integration or gravity compensation
robot3_rank08,robot3,robot3/ekf/imu/data,50,10.088553681341686,9.76490763115039,0.008145599036735104,61.72652218454219,QUALITATIVE_ONLY; no INS integration or gravity compensation
robot3_rank09,robot3,robot3/imu/data,249,10.039608438222299,9.798684721281273,0.006766915327373873,47.90156766113348,QUALITATIVE_ONLY; no INS integration or gravity compensation
robot3_rank09,robot3,robot3/ekf/imu/data,50,10.083006857739065,9.785166761578129,0.007207552677351603,47.90156766113348,QUALITATIVE_ONLY; no INS integration or gravity compensation
robot3_rank10,robot3,robot3/imu/data,253,9.996032601361955,9.802833317971915,0.007432190761636433,44.58058314164887,QUALITATIVE_ONLY; no INS integration or gravity compensation
robot3_rank10,robot3,robot3/ekf/imu/data,51,10.12507343627021,9.792979413555862,0.007836256165708872,44.58058314164887,QUALITATIVE_ONLY; no INS integration or gravity compensation
