variant,checkpoint,metric,largest_robot_p95,top20_far_from_latest_endpoint,top20_max_kf_distance,extent,localization_rule
V0_BASELINE_REPLICATION,K2,translation,robot3,20,410,LONG_CHAIN_NOT_ENDPOINT_ONLY,"frozen <=50KF descriptive neighborhood, not GT/qualification"
V0_BASELINE_REPLICATION,K2,rotation,robot3,20,218,LONG_CHAIN_NOT_ENDPOINT_ONLY,"frozen <=50KF descriptive neighborhood, not GT/qualification"
V0_BASELINE_REPLICATION,K10,translation,robot3,20,174,LONG_CHAIN_NOT_ENDPOINT_ONLY,"frozen <=50KF descriptive neighborhood, not GT/qualification"
V0_BASELINE_REPLICATION,K10,rotation,robot3,0,14,MOSTLY_ENDPOINT_NEAR_OR_MIXED,"frozen <=50KF descriptive neighborhood, not GT/qualification"
V0_BASELINE_REPLICATION,K40,translation,robot3,20,1905,LONG_CHAIN_NOT_ENDPOINT_ONLY,"frozen <=50KF descriptive neighborhood, not GT/qualification"
V0_BASELINE_REPLICATION,K40,rotation,robot3,0,11,MOSTLY_ENDPOINT_NEAR_OR_MIXED,"frozen <=50KF descriptive neighborhood, not GT/qualification"
V0_BASELINE_REPLICATION,K75,translation,robot3,20,78,LONG_CHAIN_NOT_ENDPOINT_ONLY,"frozen <=50KF descriptive neighborhood, not GT/qualification"
V0_BASELINE_REPLICATION,K75,rotation,robot3,0,16,MOSTLY_ENDPOINT_NEAR_OR_MIXED,"frozen <=50KF descriptive neighborhood, not GT/qualification"
V0_BASELINE_REPLICATION,FINAL_STREAM_END,translation,robot3,20,2879,LONG_CHAIN_NOT_ENDPOINT_ONLY,"frozen <=50KF descriptive neighborhood, not GT/qualification"
V0_BASELINE_REPLICATION,FINAL_STREAM_END,rotation,robot3,20,2726,LONG_CHAIN_NOT_ENDPOINT_ONLY,"frozen <=50KF descriptive neighborhood, not GT/qualification"
V1_EVERY_EVENT_RELINEARIZATION_CHECK,K2,translation,robot3,20,410,LONG_CHAIN_NOT_ENDPOINT_ONLY,"frozen <=50KF descriptive neighborhood, not GT/qualification"
V1_EVERY_EVENT_RELINEARIZATION_CHECK,K2,rotation,robot3,20,218,LONG_CHAIN_NOT_ENDPOINT_ONLY,"frozen <=50KF descriptive neighborhood, not GT/qualification"
V1_EVERY_EVENT_RELINEARIZATION_CHECK,K40,translation,robot3,20,1905,LONG_CHAIN_NOT_ENDPOINT_ONLY,"frozen <=50KF descriptive neighborhood, not GT/qualification"
V1_EVERY_EVENT_RELINEARIZATION_CHECK,K40,rotation,robot1,0,11,MOSTLY_ENDPOINT_NEAR_OR_MIXED,"frozen <=50KF descriptive neighborhood, not GT/qualification"
V1_EVERY_EVENT_RELINEARIZATION_CHECK,K75,translation,robot3,20,78,LONG_CHAIN_NOT_ENDPOINT_ONLY,"frozen <=50KF descriptive neighborhood, not GT/qualification"
V1_EVERY_EVENT_RELINEARIZATION_CHECK,K75,rotation,robot3,0,16,MOSTLY_ENDPOINT_NEAR_OR_MIXED,"frozen <=50KF descriptive neighborhood, not GT/qualification"
V1_EVERY_EVENT_RELINEARIZATION_CHECK,FINAL_STREAM_END,translation,robot3,20,2879,LONG_CHAIN_NOT_ENDPOINT_ONLY,"frozen <=50KF descriptive neighborhood, not GT/qualification"
V1_EVERY_EVENT_RELINEARIZATION_CHECK,FINAL_STREAM_END,rotation,robot3,20,2725,LONG_CHAIN_NOT_ENDPOINT_ONLY,"frozen <=50KF descriptive neighborhood, not GT/qualification"
V2_LOWER_RELINEARIZATION_THRESHOLD,K2,translation,robot3,20,410,LONG_CHAIN_NOT_ENDPOINT_ONLY,"frozen <=50KF descriptive neighborhood, not GT/qualification"
V2_LOWER_RELINEARIZATION_THRESHOLD,K2,rotation,robot3,20,218,LONG_CHAIN_NOT_ENDPOINT_ONLY,"frozen <=50KF descriptive neighborhood, not GT/qualification"
V2_LOWER_RELINEARIZATION_THRESHOLD,K40,translation,robot3,20,1905,LONG_CHAIN_NOT_ENDPOINT_ONLY,"frozen <=50KF descriptive neighborhood, not GT/qualification"
V2_LOWER_RELINEARIZATION_THRESHOLD,K40,rotation,robot1,0,11,MOSTLY_ENDPOINT_NEAR_OR_MIXED,"frozen <=50KF descriptive neighborhood, not GT/qualification"
V2_LOWER_RELINEARIZATION_THRESHOLD,K75,translation,robot3,20,78,LONG_CHAIN_NOT_ENDPOINT_ONLY,"frozen <=50KF descriptive neighborhood, not GT/qualification"
V2_LOWER_RELINEARIZATION_THRESHOLD,K75,rotation,robot3,0,16,MOSTLY_ENDPOINT_NEAR_OR_MIXED,"frozen <=50KF descriptive neighborhood, not GT/qualification"
V2_LOWER_RELINEARIZATION_THRESHOLD,FINAL_STREAM_END,translation,robot3,20,2879,LONG_CHAIN_NOT_ENDPOINT_ONLY,"frozen <=50KF descriptive neighborhood, not GT/qualification"
V2_LOWER_RELINEARIZATION_THRESHOLD,FINAL_STREAM_END,rotation,robot3,20,2726,LONG_CHAIN_NOT_ENDPOINT_ONLY,"frozen <=50KF descriptive neighborhood, not GT/qualification"
V3_STRICT_RELINEARIZATION_THRESHOLD,K2,translation,robot3,20,410,LONG_CHAIN_NOT_ENDPOINT_ONLY,"frozen <=50KF descriptive neighborhood, not GT/qualification"
V3_STRICT_RELINEARIZATION_THRESHOLD,K2,rotation,robot3,20,218,LONG_CHAIN_NOT_ENDPOINT_ONLY,"frozen <=50KF descriptive neighborhood, not GT/qualification"
V3_STRICT_RELINEARIZATION_THRESHOLD,K40,translation,robot3,20,1905,LONG_CHAIN_NOT_ENDPOINT_ONLY,"frozen <=50KF descriptive neighborhood, not GT/qualification"
V3_STRICT_RELINEARIZATION_THRESHOLD,K40,rotation,robot1,0,11,MOSTLY_ENDPOINT_NEAR_OR_MIXED,"frozen <=50KF descriptive neighborhood, not GT/qualification"
V3_STRICT_RELINEARIZATION_THRESHOLD,K75,translation,robot3,20,78,LONG_CHAIN_NOT_ENDPOINT_ONLY,"frozen <=50KF descriptive neighborhood, not GT/qualification"
V3_STRICT_RELINEARIZATION_THRESHOLD,K75,rotation,robot3,0,16,MOSTLY_ENDPOINT_NEAR_OR_MIXED,"frozen <=50KF descriptive neighborhood, not GT/qualification"
V3_STRICT_RELINEARIZATION_THRESHOLD,FINAL_STREAM_END,translation,robot3,20,2879,LONG_CHAIN_NOT_ENDPOINT_ONLY,"frozen <=50KF descriptive neighborhood, not GT/qualification"
V3_STRICT_RELINEARIZATION_THRESHOLD,FINAL_STREAM_END,rotation,robot3,20,2725,LONG_CHAIN_NOT_ENDPOINT_ONLY,"frozen <=50KF descriptive neighborhood, not GT/qualification"
V4_DEFAULT_WITH_EXTRA_DIAGNOSTIC_UPDATES,K2,translation,robot3,20,1623,LONG_CHAIN_NOT_ENDPOINT_ONLY,"frozen <=50KF descriptive neighborhood, not GT/qualification"
V4_DEFAULT_WITH_EXTRA_DIAGNOSTIC_UPDATES,K2,rotation,robot3,20,1128,LONG_CHAIN_NOT_ENDPOINT_ONLY,"frozen <=50KF descriptive neighborhood, not GT/qualification"
V4_DEFAULT_WITH_EXTRA_DIAGNOSTIC_UPDATES,K10,translation,robot3,20,177,LONG_CHAIN_NOT_ENDPOINT_ONLY,"frozen <=50KF descriptive neighborhood, not GT/qualification"
V4_DEFAULT_WITH_EXTRA_DIAGNOSTIC_UPDATES,K10,rotation,robot3,0,16,MOSTLY_ENDPOINT_NEAR_OR_MIXED,"frozen <=50KF descriptive neighborhood, not GT/qualification"
V4_DEFAULT_WITH_EXTRA_DIAGNOSTIC_UPDATES,K75,translation,robot3,20,2879,LONG_CHAIN_NOT_ENDPOINT_ONLY,"frozen <=50KF descriptive neighborhood, not GT/qualification"
V4_DEFAULT_WITH_EXTRA_DIAGNOSTIC_UPDATES,K75,rotation,robot3,20,2726,LONG_CHAIN_NOT_ENDPOINT_ONLY,"frozen <=50KF descriptive neighborhood, not GT/qualification"
V4_DEFAULT_WITH_EXTRA_DIAGNOSTIC_UPDATES,FINAL_STREAM_END,translation,robot3,20,2879,LONG_CHAIN_NOT_ENDPOINT_ONLY,"frozen <=50KF descriptive neighborhood, not GT/qualification"
V4_DEFAULT_WITH_EXTRA_DIAGNOSTIC_UPDATES,FINAL_STREAM_END,rotation,robot3,20,2726,LONG_CHAIN_NOT_ENDPOINT_ONLY,"frozen <=50KF descriptive neighborhood, not GT/qualification"
