arrival_index,extra_step,translation_p95_change_from_previous_m,translation_max_change_m,rotation_max_change_deg,material_change,nonlinear_error_change,variables_relinearized,variables_reeliminated
1,1,0.0,0.0,0.0,False,0.0,0,101444947035872
1,2,0.0,0.0,0.0,False,0.0,0,101444947035872
1,3,0.0,0.0,0.0,False,0.0,0,101444947035872
2,1,12.332629075311818,13.281155656712151,2.823576881375718,True,-0.6894249568384055,3975,4175
2,2,0.0,0.0,0.0,False,0.0,0,101444947035872
2,3,0.0,0.0,0.0,False,0.0,0,101444947035872
3,1,0.0,0.0,0.0,False,0.0,0,18446744073709551488
3,2,2.4792240078918075,2.897192088325702,1.16471519510015,True,-0.20873797917848663,3431,4251
3,3,0.0,0.0,0.0,False,0.0,0,18446744073709551488
4,1,0.047186429919634794,0.05650176074713433,0.015222859729007674,True,-9.636627778958351e-05,1187,1187
4,2,0.0,0.0,0.0,False,0.0,0,18446744073709551488
4,3,0.0,0.0,0.0,False,0.0,0,18446744073709551488
5,1,0.0,0.0,0.0,False,0.0,0,101444947035872
5,2,0.0,0.0,0.0,False,0.0,0,101444947035872
5,3,0.0,0.0,0.0,False,0.0,0,101444947035872
6,1,0.0,0.0,0.0,False,0.0,0,18446744073709551488
6,2,0.0,0.0,0.0,False,0.0,0,18446744073709551488
6,3,0.0,0.0,0.0,False,0.0,0,18446744073709551488
7,1,0.0,0.0,0.0,False,0.0,0,18446744073709551488
7,2,0.0,0.0,0.0,False,0.0,0,18446744073709551488
7,3,0.0,0.0,0.0,False,0.0,0,18446744073709551488
8,1,0.0,0.0,0.0,False,0.0,0,18446744073709551488
8,2,0.0,0.0,0.0,False,0.0,0,18446744073709551488
8,3,0.0,0.0,0.0,False,0.0,0,18446744073709551488
9,1,0.0,0.0,0.0,False,0.0,0,18446744073709551488
9,2,0.0,0.0,0.0,False,0.0,0,18446744073709551488
9,3,2.113182178852084,4.243545241171477,8.136530753249133,True,-5.391128181448057,4153,4432
10,1,0.0,0.0,0.0,False,0.0,0,101444947035872
10,2,0.0,0.0,0.0,False,0.0,0,101444947035872
10,3,0.0,0.0,0.0,False,0.0,0,101444947035872
11,1,0.0,0.0,0.0,False,0.0,0,18446744073709551488
11,2,0.0,0.0,0.0,False,0.0,0,18446744073709551488
11,3,0.6548919756857583,0.8629357502359785,1.6493472738724844,True,-0.11353165651130648,3801,4436
12,1,0.0,0.0,0.0,False,0.0,0,18446744073709551488
12,2,0.0,0.0,0.0,False,0.0,0,18446744073709551488
12,3,0.0,0.0,0.0,False,0.0,0,18446744073709551488
13,1,0.0,0.0,0.0,False,0.0,0,18446744073709551488
13,2,0.11261862708364592,0.1335660904882692,0.068991972685945,True,-5.928130925370034e-05,2330,4441
13,3,0.0,0.0,0.0,False,0.0,0,18446744073709551488
14,1,0.0,0.0,0.0,False,0.0,0,18446744073709551488
14,2,0.0,0.0,0.0,False,0.0,0,18446744073709551488
14,3,0.0,0.0,0.0,False,0.0,0,18446744073709551488
15,1,0.0,0.0,0.0,False,0.0,0,18446744073709551488
15,2,0.0,0.0,0.0,False,0.0,0,18446744073709551488
15,3,0.0,0.0,0.0,False,0.0,0,18446744073709551488
16,1,0.0,0.0,0.0,False,0.0,0,18446744073709551488
16,2,0.0,0.0,0.0,False,0.0,0,18446744073709551488
16,3,0.0,0.0,0.0,False,0.0,0,18446744073709551488
17,1,0.0,0.0,0.0,False,0.0,0,18446744073709551488
17,2,0.0,0.0,0.0,False,0.0,0,18446744073709551488
17,3,0.0,0.0,0.0,False,0.0,0,18446744073709551488
18,1,0.3052608389950779,0.38248089544158786,0.5543813279619639,True,-0.08438875921951139,3862,4457
18,2,0.0,0.0,0.0,False,0.0,0,18446744073709551488
18,3,0.0,0.0,0.0,False,0.0,0,18446744073709551488
19,1,0.0,0.0,0.0,False,0.0,0,18446744073709551488
19,2,0.0,0.0,0.0,False,0.0,0,18446744073709551488
19,3,0.0,0.0,0.0,False,0.0,0,18446744073709551488
20,1,0.08868181144744552,0.12622582848721087,0.04700704984938568,True,-0.0001357539734594404,3232,4461
20,2,0.0,0.0,0.0,False,0.0,0,101444947035872
20,3,0.0,0.0,0.0,False,0.0,0,101444947035872
21,1,0.0,0.0,0.0,False,0.0,0,18446744073709551488
21,2,0.0,0.0,0.0,False,0.0,0,18446744073709551488
21,3,0.0,0.0,0.0,False,0.0,0,18446744073709551488
22,1,0.0,0.0,0.0,False,0.0,0,18446744073709551488
22,2,0.0,0.0,0.0,False,0.0,0,18446744073709551488
22,3,0.28581055593676796,0.3593902921736128,0.7686780116173507,True,-0.07567810804722663,3149,4543
23,1,0.0,0.0,0.0,False,0.0,0,18446744073709551488
23,2,0.0,0.0,0.0,False,0.0,0,18446744073709551488
23,3,0.0,0.0,0.0,False,0.0,0,18446744073709551488
24,1,0.0,0.0,0.0,False,0.0,0,18446744073709551488
24,2,0.0,0.0,0.0,False,0.0,0,18446744073709551488
24,3,0.0,0.0,0.0,False,0.0,0,18446744073709551488
25,1,0.0,0.0,0.0,False,0.0,0,18446744073709551488
25,2,0.0,0.0,0.0,False,0.0,0,18446744073709551488
25,3,0.0,0.0,0.0,False,0.0,0,18446744073709551488
26,1,0.0,0.0,0.0,False,0.0,0,18446744073709551488
26,2,0.0,0.0,0.0,False,0.0,0,18446744073709551488
26,3,0.0,0.0,0.0,False,0.0,0,18446744073709551488
27,1,0.049193805248538204,0.05230714784741657,0.09203106390715808,True,-9.656262851587272e-05,873,2553
27,2,0.0,0.0,0.0,False,0.0,0,18446744073709551488
27,3,0.0,0.0,0.0,False,0.0,0,18446744073709551488
28,1,0.0,0.0,0.0,False,0.0,0,18446744073709551488
28,2,0.0,0.0,0.0,False,0.0,0,18446744073709551488
28,3,0.0,0.0,0.0,False,0.0,0,18446744073709551488
29,1,0.0,0.0,0.0,False,0.0,0,18446744073709551488
29,2,0.0,0.0,0.0,False,0.0,0,18446744073709551488
29,3,0.0,0.0,0.0,False,0.0,0,18446744073709551488
30,1,0.0,0.0,0.0,False,0.0,0,18446744073709551488
30,2,0.0,0.0,0.0,False,0.0,0,18446744073709551488
30,3,0.0,0.0,0.0,False,0.0,0,18446744073709551488
31,1,9.648926258935923,11.590560794728223,8.53239108616351,True,-7.804080756857651,4389,4728
31,2,0.0,0.0,0.0,False,0.0,0,18446744073709551488
31,3,0.0,0.0,0.0,False,0.0,0,18446744073709551488
32,1,0.0,0.0,0.0,False,0.0,0,18446744073709551488
32,2,0.0,0.0,0.0,False,0.0,0,18446744073709551488
32,3,0.0,0.0,0.0,False,0.0,0,18446744073709551488
33,1,0.0,0.0,0.0,False,0.0,0,18446744073709551488
33,2,0.0,0.0,0.0,False,0.0,0,18446744073709551488
33,3,0.0,0.0,0.0,False,0.0,0,18446744073709551488
34,1,0.0,0.0,0.0,False,0.0,0,18446744073709551488
34,2,0.0,0.0,0.0,False,0.0,0,18446744073709551488
34,3,0.0,0.0,0.0,False,0.0,0,18446744073709551488
35,1,0.0,0.0,0.0,False,0.0,0,18446744073709551488
35,2,0.0,0.0,0.0,False,0.0,0,18446744073709551488
35,3,0.0,0.0,0.0,False,0.0,0,18446744073709551488
36,1,0.0,0.0,0.0,False,0.0,0,18446744073709551488
36,2,0.0,0.0,0.0,False,0.0,0,18446744073709551488
36,3,0.0,0.0,0.0,False,0.0,0,18446744073709551488
37,1,0.17047127080467453,0.4970471039651715,0.6036400141082683,True,-0.30705111815403363,3246,4770
37,2,0.0,0.0,0.0,False,0.0,0,18446744073709551488
37,3,0.0,0.0,0.0,False,0.0,0,18446744073709551488
38,1,0.0,0.0,0.0,False,0.0,0,18446744073709551488
38,2,0.0,0.0,0.0,False,0.0,0,18446744073709551488
38,3,0.0,0.0,0.0,False,0.0,0,18446744073709551488
39,1,0.0,0.0,0.0,False,0.0,0,18446744073709551488
39,2,0.0,0.0,0.0,False,0.0,0,18446744073709551488
39,3,0.0,0.0,0.0,False,0.0,0,18446744073709551488
40,1,0.34653915462359797,0.4219109709346103,0.8169828266296969,True,-0.03811739424830485,4201,4811
40,2,0.0,0.0,0.0,False,0.0,0,101444947035872
40,3,0.0,0.0,0.0,False,0.0,0,101444947035872
41,1,0.0,0.0,0.0,False,0.0,0,18446744073709551488
41,2,0.0,0.0,0.0,False,0.0,0,18446744073709551488
41,3,0.0,0.0,0.0,False,0.0,0,18446744073709551488
42,1,0.0,0.0,0.0,False,0.0,0,18446744073709551488
42,2,0.12694310666679806,0.16594551413260653,0.204111442169112,True,-0.005177498771171685,4234,4834
42,3,0.0,0.0,0.0,False,0.0,0,18446744073709551488
43,1,0.0,0.0,0.0,False,0.0,0,18446744073709551488
43,2,0.0,0.0,0.0,False,0.0,0,18446744073709551488
43,3,0.0,0.0,0.0,False,0.0,0,18446744073709551488
44,1,0.045034711598929446,0.05795970025644135,0.07028550630297976,True,-7.311290417710836e-05,2862,4849
44,2,0.0,0.0,0.0,False,0.0,0,18446744073709551488
44,3,0.0,0.0,0.0,False,0.0,0,18446744073709551488
45,1,0.0,0.0,0.0,False,0.0,0,18446744073709551488
45,2,0.0,0.0,0.0,False,0.0,0,18446744073709551488
45,3,3.6982206677622314,4.502948957946514,1.5507362029915726,True,-0.7920577458770559,4666,4864
46,1,0.0,0.0,0.0,False,0.0,0,18446744073709551488
46,2,0.0,0.0,0.0,False,0.0,0,18446744073709551488
46,3,0.0,0.0,0.0,False,0.0,0,18446744073709551488
47,1,0.9910660720525237,1.4291226787818851,0.5807035180164732,True,-0.01307399635808082,4481,4880
47,2,0.0,0.0,0.0,False,0.0,0,18446744073709551488
47,3,0.0,0.0,0.0,False,0.0,0,18446744073709551488
48,1,0.0,0.0,0.0,False,0.0,0,18446744073709551488
48,2,0.0,0.0,0.0,False,0.0,0,18446744073709551488
48,3,0.0,0.0,0.0,False,0.0,0,18446744073709551488
49,1,0.0,0.0,0.0,False,0.0,0,18446744073709551488
49,2,0.0,0.0,0.0,False,0.0,0,18446744073709551488
49,3,0.0,0.0,0.0,False,0.0,0,18446744073709551488
50,1,0.0,0.0,0.0,False,0.0,0,18446744073709551488
50,2,0.0,0.0,0.0,False,0.0,0,18446744073709551488
50,3,0.0,0.0,0.0,False,0.0,0,18446744073709551488
51,1,0.0,0.0,0.0,False,0.0,0,18446744073709551488
51,2,0.0,0.0,0.0,False,0.0,0,18446744073709551488
51,3,0.0,0.0,0.0,False,0.0,0,18446744073709551488
52,1,0.0,0.0,0.0,False,0.0,0,18446744073709551488
52,2,0.0,0.0,0.0,False,0.0,0,18446744073709551488
52,3,0.0,0.0,0.0,False,0.0,0,18446744073709551488
53,1,0.0,0.0,0.0,False,0.0,0,18446744073709551488
53,2,0.0,0.0,0.0,False,0.0,0,18446744073709551488
53,3,0.0,0.0,0.0,False,0.0,0,18446744073709551488
54,1,0.0,0.0,0.0,False,0.0,0,18446744073709551488
54,2,0.09753431088793009,0.11083374887994292,0.06471701001130312,True,0.00022696326902860164,4405,4988
54,3,0.0,0.0,0.0,False,0.0,0,18446744073709551488
55,1,0.0,0.0,0.0,False,0.0,0,18446744073709551488
55,2,0.3146211604703756,0.43760024649460233,0.14235855082401125,True,-0.0011521969589622927,4747,5105
55,3,0.0,0.0,0.0,False,0.0,0,18446744073709551488
56,1,0.0,0.0,0.0,False,0.0,0,18446744073709551488
56,2,0.0,0.0,0.0,False,0.0,0,18446744073709551488
56,3,0.0,0.0,0.0,False,0.0,0,18446744073709551488
57,1,0.5834730646638876,0.7914423580430849,1.7964674372025042,True,-0.6027602257242748,4774,5170
57,2,0.0,0.0,0.0,False,0.0,0,18446744073709551488
57,3,0.0,0.0,0.0,False,0.0,0,18446744073709551488
58,1,0.0,0.0,0.0,False,0.0,0,18446744073709551488
58,2,0.0,0.0,0.0,False,0.0,0,18446744073709551488
58,3,0.0,0.0,0.0,False,0.0,0,18446744073709551488
59,1,0.0,0.0,0.0,False,0.0,0,18446744073709551488
59,2,0.0,0.0,0.0,False,0.0,0,18446744073709551488
59,3,0.0,0.0,0.0,False,0.0,0,18446744073709551488
60,1,0.0,0.0,0.0,False,0.0,0,18446744073709551488
60,2,0.0,0.0,0.0,False,0.0,0,18446744073709551488
60,3,0.0,0.0,0.0,False,0.0,0,18446744073709551488
61,1,0.0,0.0,0.0,False,0.0,0,18446744073709551488
61,2,0.0,0.0,0.0,False,0.0,0,18446744073709551488
61,3,0.6515040158163548,2.7200675392800373,3.288917368062387,True,-2.879882368142404,4948,5376
62,1,0.0,0.0,0.0,False,0.0,0,18446744073709551488
62,2,0.0,0.0,0.0,False,0.0,0,18446744073709551488
62,3,0.24389183339638273,0.37237593567172583,0.46391923203532676,True,-0.017418965313449775,4491,5403
63,1,0.0,0.0,0.0,False,0.0,0,18446744073709551488
63,2,0.0,0.0,0.0,False,0.0,0,18446744073709551488
63,3,0.0,0.0,0.0,False,0.0,0,18446744073709551488
64,1,0.0,0.0,0.0,False,0.0,0,18446744073709551488
64,2,0.0,0.0,0.0,False,0.0,0,18446744073709551488
64,3,0.05143830834394941,0.06233485325066982,0.10358263818841248,True,4.368233055274118e-05,3818,5447
65,1,0.0,0.0,0.0,False,0.0,0,18446744073709551488
65,2,0.0,0.0,0.0,False,0.0,0,18446744073709551488
65,3,0.0,0.0,0.0,False,0.0,0,18446744073709551488
66,1,0.0,0.0,0.0,False,0.0,0,18446744073709551488
66,2,0.0,0.0,0.0,False,0.0,0,18446744073709551488
66,3,0.0,0.0,0.0,False,0.0,0,18446744073709551488
67,1,0.0,0.0,0.0,False,0.0,0,18446744073709551488
67,2,0.0,0.0,0.0,False,0.0,0,18446744073709551488
67,3,0.0,0.0,0.0,False,0.0,0,18446744073709551488
68,1,0.0,0.0,0.0,False,0.0,0,18446744073709551488
68,2,0.0,0.0,0.0,False,0.0,0,18446744073709551488
68,3,0.0,0.0,0.0,False,0.0,0,18446744073709551488
69,1,0.0,0.0,0.0,False,0.0,0,18446744073709551488
69,2,0.0,0.0,0.0,False,0.0,0,18446744073709551488
69,3,0.0,0.0,0.0,False,0.0,0,18446744073709551488
70,1,0.0,0.0,0.0,False,0.0,0,18446744073709551488
70,2,0.0,0.0,0.0,False,0.0,0,18446744073709551488
70,3,0.0,0.0,0.0,False,0.0,0,18446744073709551488
71,1,0.0,0.0,0.0,False,0.0,0,18446744073709551488
71,2,0.0,0.0,0.0,False,0.0,0,18446744073709551488
71,3,0.0,0.0,0.0,False,0.0,0,18446744073709551488
72,1,0.0,0.0,0.0,False,0.0,0,18446744073709551488
72,2,0.0,0.0,0.0,False,0.0,0,18446744073709551488
72,3,0.0018777207528524655,0.007317560752240846,0.005910101680566711,True,2.1366306491188425e-05,1447,1502
73,1,0.0,0.0,0.0,False,0.0,0,18446744073709551488
73,2,0.0,0.0,0.0,False,0.0,0,18446744073709551488
73,3,0.0,0.0,0.0,False,0.0,0,18446744073709551488
74,1,0.0,0.0,0.0,False,0.0,0,18446744073709551488
74,2,0.0,0.0,0.0,False,0.0,0,18446744073709551488
74,3,0.0,0.0,0.0,False,0.0,0,18446744073709551488
75,1,0.0,0.0,0.0,False,0.0,0,101444947035872
75,2,0.0,0.0,0.0,False,0.0,0,101444947035872
75,3,0.19799151508264035,2.5924617326579025,2.7004425844213746,True,-1.2199729292350767,491,502
