policy,edge_index,query_keyframe_id,candidate_keyframe_id,numpy_gtsam_residual_translation_difference_m,numpy_gtsam_residual_rotation_difference_rad,status
TOP3_SANITIZED,0,5,92,0.0,6.776263578034403e-20,True
TOP3_SANITIZED,1,8,119,0.0,2.574980159653073e-19,True
TOP3_SANITIZED,2,9,87,0.0,4.870439446712227e-21,True
TOP3_SANITIZED,3,11,119,0.0,9.486769009248163e-20,True
TOP3_SANITIZED,4,12,58,0.0,7.453889935837838e-20,True
TOP3_SANITIZED,5,14,89,0.0,6.776263578034401e-21,True
TOP3_SANITIZED,6,17,117,0.0,8.809142651444716e-20,True
TOP3_SANITIZED,7,18,87,0.0,1.905824131322175e-21,True
TOP3_SANITIZED,8,20,117,0.0,2.168404344971009e-19,True
TOP3_SANITIZED,9,23,89,0.0,2.329340604949326e-21,True
