solver_state,step,checkpoint,solver,robot_id,steps,max_xy_m,max_xyz_m,max_rotation_deg,max_speed_mps,baseline_max_xy_m,baseline_max_xyz_m,new_catastrophic_steps
D0_PERSISTENT,0,K2,D0_PERSISTENT,robot1,228,0.8741424021229016,0.9094748113661749,17.284835765293117,1.8062667975869506,0.8736396130782128,0.9093826423652929,0
D0_PERSISTENT,0,K2,D0_PERSISTENT,robot3,3945,1.4641291376744088,1.7353587968961641,30.528977723071797,3.498163795134609,1.470415657340353,1.7353587968961337,0
D2_PERSISTENT,0,K2,D2_PERSISTENT,robot1,228,0.8737564765681292,0.9094370216750918,17.284835765285123,1.8061917451902911,0.8736396130782128,0.9093826423652929,0
D2_PERSISTENT,0,K2,D2_PERSISTENT,robot3,3945,1.4661239421897176,1.7353587968961177,30.528113795450885,3.4981637951345155,1.470415657340353,1.7353587968961337,0
A1_FRESH_CANONICAL,0,K2,A1_FRESH_CANONICAL,robot1,228,0.87414240212138,0.9094748113646457,17.28483576524938,1.8062667975839135,0.8736396130782128,0.9093826423652929,0
A1_FRESH_CANONICAL,0,K2,A1_FRESH_CANONICAL,robot3,3945,1.4641291376731536,1.7353587968961344,30.52897772305794,3.4981637951345492,1.470415657340353,1.7353587968961337,0
A1_FRESH_CANONICAL,1,K2,A1_FRESH_CANONICAL,robot1,228,0.8737710594164367,0.9094328401439034,17.28483576528425,1.8061834404402812,0.8736396130782128,0.9093826423652929,0
A1_FRESH_CANONICAL,1,K2,A1_FRESH_CANONICAL,robot3,3945,1.4660380427551754,1.7353587968961546,30.526991706859697,3.49816379513459,1.470415657340353,1.7353587968961337,0
A1_FRESH_CANONICAL,2,K2,A1_FRESH_CANONICAL,robot1,228,0.8737638738686483,0.909442083471623,17.284835765285433,1.8062017981954939,0.8736396130782128,0.9093826423652929,0
A1_FRESH_CANONICAL,2,K2,A1_FRESH_CANONICAL,robot3,3945,1.4661245536469312,1.7353587968960988,30.5281773341637,3.4981637951344777,1.470415657340353,1.7353587968961337,0
A1_FRESH_CANONICAL,3,K2,A1_FRESH_CANONICAL,robot1,228,0.8737569013018021,0.9094370061744761,17.284835765285205,1.8061917144052193,0.8736396130782128,0.9093826423652929,0
A1_FRESH_CANONICAL,3,K2,A1_FRESH_CANONICAL,robot3,3945,1.4661238660382643,1.7353587968961024,30.528104977452777,3.498163795134485,1.470415657340353,1.7353587968961337,0
A1_FRESH_CANONICAL,4,K2,A1_FRESH_CANONICAL,robot1,228,0.8737564765681398,0.9094370216749819,17.284835765285198,1.8061917451900729,0.8736396130782128,0.9093826423652929,0
A1_FRESH_CANONICAL,4,K2,A1_FRESH_CANONICAL,robot3,3945,1.4661239421897903,1.735358796896129,30.528113795450864,3.4981637951345386,1.470415657340353,1.7353587968961337,0
A1_FRESH_CANONICAL,5,K2,A1_FRESH_CANONICAL,robot1,228,0.8737564765681398,0.9094370216749819,17.284835765285198,1.8061917451900729,0.8736396130782128,0.9093826423652929,0
A1_FRESH_CANONICAL,5,K2,A1_FRESH_CANONICAL,robot3,3945,1.4661239421897903,1.735358796896129,30.528113795450864,3.4981637951345386,1.470415657340353,1.7353587968961337,0
A2_FRESH_D0,0,K2,A2_FRESH_D0,robot1,228,0.8737710240449881,0.9094328396598587,17.284835765284736,1.8061834394789418,0.8736396130782128,0.9093826423652929,0
A2_FRESH_D0,0,K2,A2_FRESH_D0,robot3,3945,1.4660380340634613,1.7353587968961008,30.526991710085607,3.4981637951344817,1.470415657340353,1.7353587968961337,0
A2_FRESH_D0,1,K2,A2_FRESH_D0,robot1,228,0.8737638382426126,0.9094420830719228,17.284835765285013,1.8062017974016673,0.8736396130782128,0.9093826423652929,0
A2_FRESH_D0,1,K2,A2_FRESH_D0,robot3,3945,1.4661245446763422,1.7353587968961137,30.528177337961015,3.4981637951345075,1.470415657340353,1.7353587968961337,0
A2_FRESH_D0,2,K2,A2_FRESH_D0,robot1,228,0.8737568656533482,0.9094370057712189,17.284835765285234,1.8061917136043284,0.8736396130782128,0.9093826423652929,0
A2_FRESH_D0,2,K2,A2_FRESH_D0,robot3,3945,1.4661238570413169,1.7353587968961244,30.528104981212977,3.4981637951345292,1.470415657340353,1.7353587968961337,0
A2_FRESH_D0,3,K2,A2_FRESH_D0,robot1,228,0.8737564409163494,0.9094370212706424,17.284835765285226,1.8061917443870326,0.8736396130782128,0.9093826423652929,0
A2_FRESH_D0,3,K2,A2_FRESH_D0,robot3,3945,1.466123933185184,1.735358796896111,30.52811379921277,3.498163795134502,1.470415657340353,1.7353587968961337,0
A2_FRESH_D0,4,K2,A2_FRESH_D0,robot1,228,0.8737564409163494,0.9094370212706424,17.284835765285226,1.8061917443870326,0.8736396130782128,0.9093826423652929,0
A2_FRESH_D0,4,K2,A2_FRESH_D0,robot3,3945,1.466123933185184,1.735358796896111,30.52811379921277,3.498163795134502,1.470415657340353,1.7353587968961337,0
A2_FRESH_D0,5,K2,A2_FRESH_D0,robot1,228,0.8737564409163494,0.9094370212706424,17.284835765285226,1.8061917443870326,0.8736396130782128,0.9093826423652929,0
A2_FRESH_D0,5,K2,A2_FRESH_D0,robot3,3945,1.466123933185184,1.735358796896111,30.52811379921277,3.498163795134502,1.470415657340353,1.7353587968961337,0
A3_FRESH_D2,0,K2,A3_FRESH_D2,robot1,228,0.8737574338963929,0.909437284611508,17.284835765285194,1.8061922673964177,0.8736396130782128,0.9093826423652929,0
A3_FRESH_D2,0,K2,A3_FRESH_D2,robot3,3945,1.4661266079474409,1.7353587968961128,30.52811224741557,3.4981637951345057,1.470415657340353,1.7353587968961337,0
A3_FRESH_D2,1,K2,A3_FRESH_D2,robot1,228,0.8737574338963929,0.9094372846115099,17.284835765285194,1.8061922673964215,0.8736396130782128,0.9093826423652929,0
A3_FRESH_D2,1,K2,A3_FRESH_D2,robot3,3945,1.4661266079474449,1.7353587968961384,30.528112247415564,3.498163795134557,1.470415657340353,1.7353587968961337,0
A3_FRESH_D2,2,K2,A3_FRESH_D2,robot1,228,0.8737574338963929,0.9094372846115099,17.284835765285194,1.8061922673964215,0.8736396130782128,0.9093826423652929,0
A3_FRESH_D2,2,K2,A3_FRESH_D2,robot3,3945,1.4661266079474449,1.7353587968961384,30.528112247415564,3.498163795134557,1.470415657340353,1.7353587968961337,0
A3_FRESH_D2,3,K2,A3_FRESH_D2,robot1,228,0.8737574338963929,0.9094372846115099,17.284835765285194,1.8061922673964215,0.8736396130782128,0.9093826423652929,0
A3_FRESH_D2,3,K2,A3_FRESH_D2,robot3,3945,1.4661266079474449,1.7353587968961384,30.528112247415564,3.498163795134557,1.470415657340353,1.7353587968961337,0
A3_FRESH_D2,4,K2,A3_FRESH_D2,robot1,228,0.8737574338963929,0.9094372846115099,17.284835765285194,1.8061922673964215,0.8736396130782128,0.9093826423652929,0
A3_FRESH_D2,4,K2,A3_FRESH_D2,robot3,3945,1.4661266079474449,1.7353587968961384,30.528112247415564,3.498163795134557,1.470415657340353,1.7353587968961337,0
A3_FRESH_D2,5,K2,A3_FRESH_D2,robot1,228,0.8737574338963929,0.9094372846115099,17.284835765285194,1.8061922673964215,0.8736396130782128,0.9093826423652929,0
A3_FRESH_D2,5,K2,A3_FRESH_D2,robot3,3945,1.4661266079474449,1.7353587968961384,30.528112247415564,3.498163795134557,1.470415657340353,1.7353587968961337,0
D0_PERSISTENT,0,K75,D0_PERSISTENT,robot1,1817,1.1413808595413677,1.1653009027041896,23.069739086157263,2.312793370465185,1.1276515267705258,1.1575697664362856,0
D0_PERSISTENT,0,K75,D0_PERSISTENT,robot3,3945,1.4096716144944543,1.7071053246999313,29.890426200375476,3.4412099976257142,1.470415657340353,1.7353587968961337,0
D2_PERSISTENT,0,K75,D2_PERSISTENT,robot1,1817,1.1414105773374987,1.165280827388579,23.070001970164245,2.3127535266302184,1.1276515267705258,1.1575697664362856,0
D2_PERSISTENT,0,K75,D2_PERSISTENT,robot3,3945,1.4108151446792814,1.7071041968591516,29.89044882035489,3.4412077241063765,1.470415657340353,1.7353587968961337,0
A1_FRESH_CANONICAL,0,K75,A1_FRESH_CANONICAL,robot1,1817,1.1094547531906798,1.183804168258254,23.342338740692195,2.349517129801584,1.1276515267705258,1.1575697664362856,0
A1_FRESH_CANONICAL,0,K75,A1_FRESH_CANONICAL,robot3,3945,1.5555573356227044,1.721671596190707,30.373313617861278,3.4705729187981373,1.470415657340353,1.7353587968961337,0
A1_FRESH_CANONICAL,1,K75,A1_FRESH_CANONICAL,robot1,1817,1.1805573297750027,1.1833789844464953,23.04326911026647,2.3515945859983662,1.1276515267705258,1.1575697664362856,0
A1_FRESH_CANONICAL,1,K75,A1_FRESH_CANONICAL,robot3,3945,1.3898869230566822,1.71059974451011,30.11244904064977,3.4482541045198225,1.470415657340353,1.7353587968961337,0
A1_FRESH_CANONICAL,2,K75,A1_FRESH_CANONICAL,robot1,1817,1.1392798798369224,1.1649243258662034,23.30707832572223,2.312045971735514,1.1276515267705258,1.1575697664362856,0
A1_FRESH_CANONICAL,2,K75,A1_FRESH_CANONICAL,robot3,3945,1.411277500698998,1.7082215862476888,29.884581887117978,3.4434601753637417,1.470415657340353,1.7353587968961337,0
A1_FRESH_CANONICAL,3,K75,A1_FRESH_CANONICAL,robot1,1817,1.146705221577099,1.1653443882096826,23.15479193654393,2.3128796769192363,1.1276515267705258,1.1575697664362856,0
A1_FRESH_CANONICAL,3,K75,A1_FRESH_CANONICAL,robot3,3945,1.4137204610825616,1.7072513067872994,29.8893226274195,3.441504270633511,1.470415657340353,1.7353587968961337,0
A1_FRESH_CANONICAL,4,K75,A1_FRESH_CANONICAL,robot1,1817,1.1420101427283111,1.1652896090792135,23.076951720825296,2.312770955807381,1.1276515267705258,1.1575697664362856,0
A1_FRESH_CANONICAL,4,K75,A1_FRESH_CANONICAL,robot3,3945,1.411257931024077,1.7071233072751106,29.89048154136373,3.441246247186063,1.470415657340353,1.7353587968961337,0
A1_FRESH_CANONICAL,5,K75,A1_FRESH_CANONICAL,robot1,1817,1.1416718444054685,1.1652847855518442,23.071425689031827,2.3127613824670563,1.1276515267705258,1.1575697664362856,0
A1_FRESH_CANONICAL,5,K75,A1_FRESH_CANONICAL,robot3,3945,1.4109931687344586,1.7071024820815648,29.890432795226825,3.4412042674305114,1.470415657340353,1.7353587968961337,0
A2_FRESH_D0,0,K75,A2_FRESH_D0,robot1,1817,1.1414389727347682,1.1652804401270465,23.06991661924259,2.3127527580253857,1.1276515267705258,1.1575697664362856,0
A2_FRESH_D0,0,K75,A2_FRESH_D0,robot3,3945,1.41066907377278,1.7071042403512242,29.890453387671933,3.4412078117783866,1.470415657340353,1.7353587968961337,0
A2_FRESH_D0,1,K75,A2_FRESH_D0,robot1,1817,1.141410877960565,1.1652814488738872,23.070029615274528,2.3127547601031324,1.1276515267705258,1.1575697664362856,0
A2_FRESH_D0,1,K75,A2_FRESH_D0,robot3,3945,1.4107807718036354,1.7071034872376807,29.890455370581023,3.441206293640157,1.470415657340353,1.7353587968961337,0
A2_FRESH_D0,2,K75,A2_FRESH_D0,robot1,1817,1.141410877960565,1.1652814488738872,23.070029615274528,2.3127547601031324,1.1276515267705258,1.1575697664362856,0
A2_FRESH_D0,2,K75,A2_FRESH_D0,robot3,3945,1.4107807718036354,1.7071034849344466,29.89045537845757,3.4412062889972614,1.470415657340353,1.7353587968961337,0
A2_FRESH_D0,3,K75,A2_FRESH_D0,robot1,1817,1.141410877960565,1.1652814488738872,23.070029615274528,2.3127547601031324,1.1276515267705258,1.1575697664362856,0
A2_FRESH_D0,3,K75,A2_FRESH_D0,robot3,3945,1.4107807718036354,1.7071034849232902,29.89045537874515,3.441206288974772,1.470415657340353,1.7353587968961337,0
A2_FRESH_D0,4,K75,A2_FRESH_D0,robot1,1817,1.141410877960565,1.1652814488738872,23.070029615274528,2.3127547601031324,1.1276515267705258,1.1575697664362856,0
A2_FRESH_D0,4,K75,A2_FRESH_D0,robot3,3945,1.4107807718036354,1.7071034849232902,29.89045537874515,3.441206288974772,1.470415657340353,1.7353587968961337,0
A2_FRESH_D0,5,K75,A2_FRESH_D0,robot1,1817,1.141410877960565,1.1652814488738872,23.070029615274528,2.3127547601031324,1.1276515267705258,1.1575697664362856,0
A2_FRESH_D0,5,K75,A2_FRESH_D0,robot3,3945,1.4107807718036354,1.7071034849232902,29.89045537874515,3.441206288974772,1.470415657340353,1.7353587968961337,0
A3_FRESH_D2,0,K75,A3_FRESH_D2,robot1,1817,1.1414110273614435,1.1652814432096164,23.07004015139568,2.3127547488611535,1.1276515267705258,1.1575697664362856,0
A3_FRESH_D2,0,K75,A3_FRESH_D2,robot3,3945,1.410792030439344,1.7071039260277356,29.890460908169253,3.4412071781601115,1.470415657340353,1.7353587968961337,0
A3_FRESH_D2,1,K75,A3_FRESH_D2,robot1,1817,1.1414077064872656,1.1652822765775928,23.069362235273463,2.312756402861358,1.1276515267705258,1.1575697664362856,0
A3_FRESH_D2,1,K75,A3_FRESH_D2,robot3,3945,1.4107941511334878,1.7070953002544353,29.88986465224334,3.4411897901894406,1.470415657340353,1.7353587968961337,0
A3_FRESH_D2,2,K75,A3_FRESH_D2,robot1,1817,1.141410289139421,1.1652822765775928,23.069746338595646,2.312756402861358,1.1276515267705258,1.1575697664362856,0
A3_FRESH_D2,2,K75,A3_FRESH_D2,robot3,3945,1.4107941511334878,1.7070953002544353,29.889913248437228,3.4411897901894406,1.470415657340353,1.7353587968961337,0
A3_FRESH_D2,3,K75,A3_FRESH_D2,robot1,1817,1.1414102068943244,1.1652822765775928,23.069816950407986,2.312756402861358,1.1276515267705258,1.1575697664362856,0
A3_FRESH_D2,3,K75,A3_FRESH_D2,robot3,3945,1.4107941511334878,1.7070953002544353,29.889670185039606,3.4411897901894406,1.470415657340353,1.7353587968961337,0
A3_FRESH_D2,4,K75,A3_FRESH_D2,robot1,1817,1.1414102068943244,1.1652822765775928,23.069816950407986,2.312756402861358,1.1276515267705258,1.1575697664362856,0
A3_FRESH_D2,4,K75,A3_FRESH_D2,robot3,3945,1.4107941511334878,1.7070953002544353,29.889670185039606,3.4411897901894406,1.470415657340353,1.7353587968961337,0
A3_FRESH_D2,5,K75,A3_FRESH_D2,robot1,1817,1.1414102068943244,1.1652822765775928,23.069816950407986,2.312756402861358,1.1276515267705258,1.1575697664362856,0
A3_FRESH_D2,5,K75,A3_FRESH_D2,robot3,3945,1.4107941511334878,1.7070953002544353,29.889670185039606,3.4411897901894406,1.470415657340353,1.7353587968961337,0
B0_LM_CANONICAL,0,K75,B0_LM_CANONICAL,robot1,1817,1.1414716745347828,1.1652822722705611,23.070102964813184,2.3127563943131157,1.1276515267705258,1.1575697664362856,0
B0_LM_CANONICAL,0,K75,B0_LM_CANONICAL,robot3,3945,1.4109119532514645,1.7071047923447968,29.890463838067205,3.441208924495788,1.470415657340353,1.7353587968961337,0
B1_LM_D0,0,K75,B1_LM_D0,robot1,1817,1.14139368188392,1.1652778986856192,23.07000859292176,2.3127477139815076,1.1276515267705258,1.1575697664362856,0
B1_LM_D0,0,K75,B1_LM_D0,robot3,3945,1.4107812213294462,1.7070979211562265,29.89046869291312,3.441195073444853,1.470415657340353,1.7353587968961337,0
B2_LM_D2,0,K75,B2_LM_D2,robot1,1817,1.1414155004437727,1.1652831018267755,23.07003907905632,2.312758040748048,1.1276515267705258,1.1575697664362856,0
B2_LM_D2,0,K75,B2_LM_D2,robot3,3945,1.410799356253408,1.7071057933197769,29.890460393787063,3.4412109422770336,1.470415657340353,1.7353587968961337,0
D0_PERSISTENT,0,FINAL_STREAM_END,D0_PERSISTENT,robot1,1849,1.1415083091287779,1.1653009027041896,23.069739086157263,2.312793370465185,1.1276515267705258,1.1575697664362856,0
D0_PERSISTENT,0,FINAL_STREAM_END,D0_PERSISTENT,robot3,3945,1.409670803957606,1.7071053246999313,29.890426641821065,3.4412099976257142,1.470415657340353,1.7353587968961337,0
D2_PERSISTENT,0,FINAL_STREAM_END,D2_PERSISTENT,robot1,1849,1.1414105773374987,1.165280827388579,23.070001970164245,2.3127535266302184,1.1276515267705258,1.1575697664362856,0
D2_PERSISTENT,0,FINAL_STREAM_END,D2_PERSISTENT,robot3,3945,1.4108151446792814,1.7071041968591516,29.89044882035489,3.4412077241063765,1.470415657340353,1.7353587968961337,0
A1_FRESH_CANONICAL,0,FINAL_STREAM_END,A1_FRESH_CANONICAL,robot1,1849,1.1094547531912384,1.183804168260087,23.342338740690675,2.3495171298052218,1.1276515267705258,1.1575697664362856,0
A1_FRESH_CANONICAL,0,FINAL_STREAM_END,A1_FRESH_CANONICAL,robot3,3945,1.5555573356414627,1.7216715961915707,30.37331361786032,3.470572918799878,1.470415657340353,1.7353587968961337,0
A1_FRESH_CANONICAL,1,FINAL_STREAM_END,A1_FRESH_CANONICAL,robot1,1849,1.1805573297974077,1.1833789844722227,23.043269110245703,2.3515945860494916,1.1276515267705258,1.1575697664362856,0
A1_FRESH_CANONICAL,1,FINAL_STREAM_END,A1_FRESH_CANONICAL,robot3,3945,1.3898869230747142,1.7105997445102927,30.112449040678314,3.448254104520191,1.470415657340353,1.7353587968961337,0
A1_FRESH_CANONICAL,2,FINAL_STREAM_END,A1_FRESH_CANONICAL,robot1,1849,1.1392798798138222,1.1649243258692838,23.30707832572667,2.312045971741628,1.1276515267705258,1.1575697664362856,0
A1_FRESH_CANONICAL,2,FINAL_STREAM_END,A1_FRESH_CANONICAL,robot3,3945,1.4112775007007,1.7082215862477124,29.884581887120376,3.4434601753637892,1.470415657340353,1.7353587968961337,0
A1_FRESH_CANONICAL,3,FINAL_STREAM_END,A1_FRESH_CANONICAL,robot1,1849,1.146705221577925,1.1653443882095942,23.15479193660753,2.312879676919061,1.1276515267705258,1.1575697664362856,0
A1_FRESH_CANONICAL,3,FINAL_STREAM_END,A1_FRESH_CANONICAL,robot3,3945,1.4137204610833465,1.707251306787203,29.889322627418245,3.4415042706333168,1.470415657340353,1.7353587968961337,0
A1_FRESH_CANONICAL,4,FINAL_STREAM_END,A1_FRESH_CANONICAL,robot1,1849,1.1420101427284235,1.1652896090792322,23.07695172082502,2.3127709558074176,1.1276515267705258,1.1575697664362856,0
A1_FRESH_CANONICAL,4,FINAL_STREAM_END,A1_FRESH_CANONICAL,robot3,3945,1.4112579310245061,1.7071233072751106,29.890481541363776,3.441246247186063,1.470415657340353,1.7353587968961337,0
A1_FRESH_CANONICAL,5,FINAL_STREAM_END,A1_FRESH_CANONICAL,robot1,1849,1.1416718444054896,1.1652847855518442,23.07142568903302,2.3127613824670563,1.1276515267705258,1.1575697664362856,0
A1_FRESH_CANONICAL,5,FINAL_STREAM_END,A1_FRESH_CANONICAL,robot3,3945,1.4109931687344641,1.7071024820815606,29.890432795227383,3.441204267430503,1.470415657340353,1.7353587968961337,0
A2_FRESH_D0,0,FINAL_STREAM_END,A2_FRESH_D0,robot1,1849,1.1414399614745219,1.165280434532124,23.06991949231242,2.3127527469210434,1.1276515267705258,1.1575697664362856,0
A2_FRESH_D0,0,FINAL_STREAM_END,A2_FRESH_D0,robot3,3945,1.4106693730414175,1.7071042182783824,29.89045342895976,3.441207767283602,1.470415657340353,1.7353587968961337,0
A2_FRESH_D0,1,FINAL_STREAM_END,A2_FRESH_D0,robot1,1849,1.1414112522061564,1.1652814539338567,23.070029007295656,2.3127547701457436,1.1276515267705258,1.1575697664362856,0
A2_FRESH_D0,1,FINAL_STREAM_END,A2_FRESH_D0,robot3,3945,1.4107810533580332,1.7071034766367406,29.890455338829348,3.441206272270614,1.470415657340353,1.7353587968961337,0
A2_FRESH_D0,2,FINAL_STREAM_END,A2_FRESH_D0,robot1,1849,1.1414112522061564,1.1652814539338567,23.070029007295656,2.3127547701457436,1.1276515267705258,1.1575697664362856,0
A2_FRESH_D0,2,FINAL_STREAM_END,A2_FRESH_D0,robot3,3945,1.4107810533580332,1.7071034761125883,29.89045533810822,3.4412062712140195,1.470415657340353,1.7353587968961337,0
A2_FRESH_D0,3,FINAL_STREAM_END,A2_FRESH_D0,robot1,1849,1.1414112522061564,1.1652814539338567,23.070029007295656,2.3127547701457436,1.1276515267705258,1.1575697664362856,0
A2_FRESH_D0,3,FINAL_STREAM_END,A2_FRESH_D0,robot3,3945,1.4107810533580332,1.7071034761334705,29.89045533841652,3.441206271256114,1.470415657340353,1.7353587968961337,0
A2_FRESH_D0,4,FINAL_STREAM_END,A2_FRESH_D0,robot1,1849,1.1414112522061564,1.1652814539338567,23.070029007295656,2.3127547701457436,1.1276515267705258,1.1575697664362856,0
A2_FRESH_D0,4,FINAL_STREAM_END,A2_FRESH_D0,robot3,3945,1.4107810533580332,1.707103476133515,29.890455338412007,3.441206271256204,1.470415657340353,1.7353587968961337,0
A2_FRESH_D0,5,FINAL_STREAM_END,A2_FRESH_D0,robot1,1849,1.1414112522061564,1.1652814539338567,23.070029007295656,2.3127547701457436,1.1276515267705258,1.1575697664362856,0
A2_FRESH_D0,5,FINAL_STREAM_END,A2_FRESH_D0,robot3,3945,1.4107810533580332,1.707103476133515,29.890455338412007,3.441206271256204,1.470415657340353,1.7353587968961337,0
A3_FRESH_D2,0,FINAL_STREAM_END,A3_FRESH_D2,robot1,1849,1.1414110273075733,1.1652814432077916,23.070040151214304,2.312754748857532,1.1276515267705258,1.1575697664362856,0
A3_FRESH_D2,0,FINAL_STREAM_END,A3_FRESH_D2,robot3,3945,1.4107920304507167,1.707103926025164,29.89046090818929,3.441207178154927,1.470415657340353,1.7353587968961337,0
A3_FRESH_D2,1,FINAL_STREAM_END,A3_FRESH_D2,robot1,1849,1.141407706486883,1.1652822765780915,23.069362235450566,2.3127564028623477,1.1276515267705258,1.1575697664362856,0
A3_FRESH_D2,1,FINAL_STREAM_END,A3_FRESH_D2,robot3,3945,1.4107941511411317,1.7070953002594413,29.889864653484704,3.4411897901995316,1.470415657340353,1.7353587968961337,0
A3_FRESH_D2,2,FINAL_STREAM_END,A3_FRESH_D2,robot1,1849,1.141410289139046,1.1652822765780915,23.06974633878786,2.3127564028623477,1.1276515267705258,1.1575697664362856,0
A3_FRESH_D2,2,FINAL_STREAM_END,A3_FRESH_D2,robot3,3945,1.4107941511411317,1.7070953002594413,29.889913249676912,3.4411897901995316,1.470415657340353,1.7353587968961337,0
A3_FRESH_D2,3,FINAL_STREAM_END,A3_FRESH_D2,robot1,1849,1.141410206894135,1.1652822765780915,23.06981695060358,2.3127564028623477,1.1276515267705258,1.1575697664362856,0
A3_FRESH_D2,3,FINAL_STREAM_END,A3_FRESH_D2,robot3,3945,1.4107941511411317,1.7070953002594413,29.88967018626569,3.4411897901995316,1.470415657340353,1.7353587968961337,0
A3_FRESH_D2,4,FINAL_STREAM_END,A3_FRESH_D2,robot1,1849,1.141410206894135,1.1652822765780915,23.06981695060358,2.3127564028623477,1.1276515267705258,1.1575697664362856,0
A3_FRESH_D2,4,FINAL_STREAM_END,A3_FRESH_D2,robot3,3945,1.4107941511411317,1.7070953002594413,29.88967018626569,3.4411897901995316,1.470415657340353,1.7353587968961337,0
A3_FRESH_D2,5,FINAL_STREAM_END,A3_FRESH_D2,robot1,1849,1.141410206894135,1.1652822765780915,23.06981695060358,2.3127564028623477,1.1276515267705258,1.1575697664362856,0
A3_FRESH_D2,5,FINAL_STREAM_END,A3_FRESH_D2,robot3,3945,1.4107941511411317,1.7070953002594413,29.88967018626569,3.4411897901995316,1.470415657340353,1.7353587968961337,0
B0_LM_CANONICAL,0,FINAL_STREAM_END,B0_LM_CANONICAL,robot1,1849,1.141471593966059,1.1652822472853916,23.070102898841522,2.312756344724607,1.1276515267705258,1.1575697664362856,0
B0_LM_CANONICAL,0,FINAL_STREAM_END,B0_LM_CANONICAL,robot3,3945,1.4109119331004394,1.7071047382509055,29.890463780434555,3.4412088154524634,1.470415657340353,1.7353587968961337,0
B1_LM_D0,0,FINAL_STREAM_END,B1_LM_D0,robot1,1849,1.1414381373660758,1.1652804226547657,23.069931319340288,2.31275272334784,1.1276515267705258,1.1575697664362856,0
B1_LM_D0,0,FINAL_STREAM_END,B1_LM_D0,robot3,3945,1.410663109000168,1.7071034018307927,29.8904803968793,3.4412061214755973,1.470415657340353,1.7353587968961337,0
B2_LM_D2,0,FINAL_STREAM_END,B2_LM_D2,robot1,1849,1.1414155179568903,1.1652831148490312,23.070039274906957,2.3127580665935503,1.1276515267705258,1.1575697664362856,0
B2_LM_D2,0,FINAL_STREAM_END,B2_LM_D2,robot3,3945,1.4107993867500472,1.7071058071065817,29.89046039376326,3.4412109700686937,1.470415657340353,1.7353587968961337,0
