query_robot,query_keyframe_id,query_timestamp,candidate_robot,candidate_keyframe_id,candidate_timestamp,SC_rank,SC_score,SC_margin,best_shift,SC_yaw_initialization_deg,GICP_fitness,GICP_inlier_RMSE,GICP_quality,tx,ty,tz,qx,qy,qz,qw,transform_direction,yaw_consistency_error_deg,accepted_before_sanitation,accepted_after_sanitation,temporal_cluster_id,duplicate_status
robot1,5,1.7228942031955197e+18,robot3,92.0,1.7228942556263416e+18,1.0,0.8891443014144897,0.00550311803817749,0.0,0.0,0.887263339070568,0.345058019352254,0.6596468898032009,-0.006473956615158417,-0.006099050969383772,0.00490071764995235,-0.001098270867027336,-0.0007972680767615528,0.0013425814740797158,0.9999981778181908,T_query_from_candidate: p_query = T_query_from_candidate * p_candidate,0.15394894235811307,True,True,0,cluster_representative
robot1,8,1.722894204697365e+18,robot3,119.0,1.7228942691752924e+18,1.0,0.8966119289398193,0.0014441609382629395,0.0,0.0,0.913595166163142,0.3457776051521236,0.678860431816943,-0.024109162058442057,0.12101463666866373,-0.017709365407234924,-0.004860363502878749,0.00411630897699052,-0.003762005802718179,0.9999726397153905,T_query_from_candidate: p_query = T_query_from_candidate * p_candidate,0.43339360953257255,True,True,1,cluster_representative
robot1,9,1.7228942051991864e+18,robot3,87.0,1.7228942531267325e+18,1.0,0.9081543684005737,0.0014200210571289062,0.0,0.0,0.8921911421911422,0.376805267704535,0.6480154914562747,0.011314240396772538,-0.006456760876513843,0.005046411215991044,-0.0011639206653542918,-0.0007921652193826589,0.0010295627097099858,0.9999984788806314,T_query_from_candidate: p_query = T_query_from_candidate * p_candidate,0.11808490333001487,True,True,2,cluster_representative
robot1,11,1.7228942061976712e+18,robot3,119.0,1.7228942691752924e+18,1.0,0.9039719104766846,0.0035092830657958984,0.0,0.0,0.909667673716012,0.3625830849582743,0.6676052886300643,-0.009355635774669142,0.119772144884059,-0.017392689011256443,-0.004812655883997824,0.004021022403583373,-0.003912548178775354,0.9999726804712821,T_query_from_candidate: p_query = T_query_from_candidate * p_candidate,0.45056937686746323,True,True,3,cluster_representative
robot1,12,1.722894206697153e+18,robot3,58.0,1.722894238673414e+18,1.0,0.9114951491355896,0.0008906722068786621,0.0,0.0,0.8738579428234601,0.3465361118340644,0.6489673282012557,-0.0006073576093926982,-0.001596432501910587,0.0026061448726593553,-0.0013127434437036935,-0.0006458515281353627,0.001190392692063453,0.9999982212712647,T_query_from_candidate: p_query = T_query_from_candidate * p_candidate,0.13650610927595608,True,True,4,cluster_representative
robot1,14,1.7228942076972516e+18,robot3,89.0,1.7228942541235507e+18,1.0,0.8910194635391235,0.007862091064453125,0.0,0.0,0.8752900232018561,0.3803275853972284,0.6341176054595523,0.01610599041033606,0.0008810521292584048,0.005558892046039545,-0.001264463318193929,-0.0006363465846880976,0.001296638257953554,0.9999981574606871,T_query_from_candidate: p_query = T_query_from_candidate * p_candidate,0.14867601693740085,True,True,5,cluster_representative
robot1,17,1.7228942091963804e+18,robot3,117.0,1.7228942681244948e+18,1.0,0.8773153424263,0.0012125372886657715,0.0,0.0,0.909505010628606,0.3659791935360746,0.6658264012603254,0.0018830399910705774,0.1215538147449349,-0.017352606140974638,-0.004692439700735645,0.004411106641736595,-0.003848051479453073,0.9999718574278287,T_query_from_candidate: p_query = T_query_from_candidate * p_candidate,0.4433352571527962,True,True,6,cluster_representative
robot1,18,1.7228942096975547e+18,robot3,87.0,1.7228942531267325e+18,1.0,0.873931348323822,0.002117335796356201,0.0,0.0,0.8575174825174825,0.3764646519447837,0.6229854731873502,0.015085600282062836,-0.006230226314097323,0.0017958361478350936,-0.0013822345995427594,-0.0006428241543957456,0.0008515322989736607,0.9999984755475192,T_query_from_candidate: p_query = T_query_from_candidate * p_candidate,0.09768021116829573,True,True,7,cluster_representative
robot1,20,1.7228942106978506e+18,robot3,117.0,1.7228942681244948e+18,1.0,0.8800109028816223,0.008114278316497803,0.0,0.0,0.8697236562405102,0.3396183629727033,0.6492324084827674,-0.06652683900380275,0.12161444539597091,-0.019143986087351406,-0.004994883555395471,0.004342230644087839,-0.0037111305391899553,0.9999712114263204,T_query_from_candidate: p_query = T_query_from_candidate * p_candidate,0.4277573267192736,True,True,8,cluster_representative
robot1,23,1.7228942121956777e+18,robot3,89.0,1.7228942541235507e+18,2.0,0.8869666457176208,0.006004214286804199,0.0,0.0,0.8428074245939675,0.3818272359648654,0.6099224292720461,-0.0026398072752602353,0.00821705497209008,-0.0006515464498400459,-0.0016364373036493675,-0.0009324040253223625,0.0009445336824430068,0.9999977802734402,T_query_from_candidate: p_query = T_query_from_candidate * p_candidate,0.10841044570750569,True,True,9,cluster_representative
robot1,26,1.7228942136956457e+18,robot3,43.0,1.722894231172841e+18,1.0,0.8912750482559204,0.006637454032897949,0.0,0.0,0.8565982404692082,0.3583672056098971,0.6306087462444309,-0.02043611713064206,-0.011684064345134016,0.007656256583229396,-0.0010159862817586225,-0.0006734598928111213,0.0008982296245673064,0.9999988537029378,T_query_from_candidate: p_query = T_query_from_candidate * p_candidate,0.10300797025536212,True,True,10,cluster_representative
robot1,31,1.722894216196345e+18,robot3,23.0,1.7228942211314511e+18,2.0,0.8743505477905273,0.00012445449829101562,0.0,0.0,0.8602941176470589,0.3771075996700889,0.6247108924917398,0.01650600650247249,0.007701072166546141,0.00631968722885256,-0.001062776938145117,-0.0006904355849107412,0.0010523293960199753,0.9999986432024421,T_query_from_candidate: p_query = T_query_from_candidate * p_candidate,0.12067219125569295,True,True,11,cluster_representative
robot1,32,1.7228942166977715e+18,robot3,2.0,1.722894210624275e+18,2.0,0.8891098499298096,0.00012415647506713867,0.0,0.0,0.8578171091445428,0.3860191809849975,0.618907098049625,-0.010706129127909563,-0.0044714029348820955,0.004355750090542858,-0.0014795954488528917,-0.0005815143474374907,0.0012542514535776352,0.9999979497437296,T_query_from_candidate: p_query = T_query_from_candidate * p_candidate,0.1438251777595667,True,True,12,cluster_representative
robot1,33,1.7228942171991734e+18,robot3,43.0,1.722894231172841e+18,1.0,0.9004230499267578,0.007275044918060303,0.0,0.0,0.8577712609970675,0.373220479863489,0.624642053898248,-0.01040185958993844,0.0016890952964595761,0.0047129809733321235,-0.0010665459646487109,-0.0007517647089152051,0.0010667757963299437,0.9999985796584553,T_query_from_candidate: p_query = T_query_from_candidate * p_candidate,0.12233543736613228,True,True,13,cluster_representative
robot1,34,1.7228942176979213e+18,robot3,87.0,1.7228942531267325e+18,1.0,0.8915581107139587,0.003407120704650879,0.0,0.0,0.8333333333333334,0.3550917937533361,0.6149644896196773,-0.01046805974069302,0.0006830371642720079,0.006904669483135738,-0.001052388628708638,-0.00046802272966836486,0.0007448233543983916,0.9999990593350924,T_query_from_candidate: p_query = T_query_from_candidate * p_candidate,0.08540689914545396,True,True,14,cluster_representative
robot1,35,1.7228942181972183e+18,robot3,94.0,1.7228942566235656e+18,2.0,0.8677418231964111,0.004163503646850586,0.0,0.0,0.8887864823348695,0.3798162435703598,0.6441339464413606,0.012406428222643236,0.0027233756805158382,0.006714370603009188,-0.0010992519649690076,-0.0007092491016066315,0.0013268897945021496,0.9999982639856445,T_query_from_candidate: p_query = T_query_from_candidate * p_candidate,0.1521397780255711,True,True,15,cluster_representative
robot1,36,1.7228942186980933e+18,robot3,4.0,1.7228942116245944e+18,1.0,0.8981166481971741,0.0007956027984619141,0.0,0.0,0.8630295995356936,0.3621365943181586,0.6335852095418508,-0.008718793289359966,0.004015061606955147,0.005404269817568228,-0.0012608486104401656,-0.0007933066694287516,0.000995112815311101,0.9999983953366098,T_query_from_candidate: p_query = T_query_from_candidate * p_candidate,0.11414618367268758,True,True,16,cluster_representative
robot1,37,1.722894219197362e+18,robot3,43.0,1.722894231172841e+18,1.0,0.8957335352897644,0.006394326686859131,0.0,0.0,0.8683284457478005,0.3922597516164446,0.6236827896085138,-0.012438193989249528,-0.010246566676276887,0.007152666726846917,-0.0011795453460012456,-0.0007447079509483749,0.0009764320948054424,0.9999985503305536,T_query_from_candidate: p_query = T_query_from_candidate * p_candidate,0.11199156811844091,True,True,17,cluster_representative
robot1,45,1.722894223204852e+18,robot3,86.0,1.7228942526246034e+18,1.0,0.8702195882797241,0.004304289817810059,0.0,0.0,0.8602493476369962,0.3766479661553223,0.6248869491591849,0.009253991592758646,-0.0026066249274827123,0.006528524494097228,-0.001109239764644778,-0.0006890866161355696,0.001135099081573915,0.9999985031473072,T_query_from_candidate: p_query = T_query_from_candidate * p_candidate,0.13016040328500367,True,True,18,cluster_representative
robot1,47,1.7228942241979512e+18,robot3,76.0,1.7228942476754278e+18,1.0,0.8757456541061401,0.00046759843826293945,0.0,0.0,0.8593432141819238,0.3806994294881076,0.6223970227180612,0.0006109995006797247,-0.010507082282434082,0.004632185686584071,-0.0013113317329813906,-0.0007417627913950482,0.0011097572250946901,0.999998249316442,T_query_from_candidate: p_query = T_query_from_candidate * p_candidate,0.127280295005761,True,True,19,cluster_representative
robot1,49,1.722894225196954e+18,robot3,87.0,1.7228942531267325e+18,1.0,0.8775640726089478,0.0011209845542907715,0.0,0.0,0.8566433566433567,0.3831652767169149,0.619335498847027,4.373124482306292e-05,-0.013509843306742512,0.007126453588796945,-0.0010546249072652372,-0.0007584667853210403,0.0010651573318568874,0.999998588966154,T_query_from_candidate: p_query = T_query_from_candidate * p_candidate,0.1221497612442306,True,True,20,cluster_representative
robot1,55,1.7228942281957893e+18,robot3,76.0,1.7228942476754278e+18,1.0,0.8807816505432129,5.352497100830078e-05,0.0,0.0,0.8523684975297878,0.3881072607230213,0.614050889039955,-0.003931224050514956,-0.0032629493703449745,0.007530683984915482,-0.0009102665566250802,-0.00050461620237773,0.00105931713477967,0.9999988973116382,T_query_from_candidate: p_query = T_query_from_candidate * p_candidate,0.12144145660644767,True,True,21,cluster_representative
robot1,56,1.722894228695303e+18,robot3,87.0,1.7228942531267325e+18,1.0,0.8902820348739624,0.003562033176422119,0.0,0.0,0.8467365967365967,0.3576287082149668,0.6236878990647601,-0.00034644264061784374,-0.0007224190658154487,0.004327955593220699,-0.0012977784287751223,-0.0006837838127078258,0.0009331656158595916,0.9999984887052483,T_query_from_candidate: p_query = T_query_from_candidate * p_candidate,0.1070345916707538,True,True,22,cluster_representative
robot1,61,1.7228942311976735e+18,robot3,78.0,1.722894248624642e+18,1.0,0.8848101496696472,0.0006454586982727051,0.0,0.0,0.854360465116279,0.3787586592062491,0.6196591835790421,0.012958033906742362,-0.002065078852315353,0.004855373586862309,-0.0011175734090904455,-0.000959000782326194,0.0013473547919323108,0.9999980079891356,T_query_from_candidate: p_query = T_query_from_candidate * p_candidate,0.15451846317293416,True,True,23,cluster_representative
robot1,77,1.7228942391961298e+18,robot3,88.0,1.7228942536763753e+18,1.0,0.8722999691963196,0.001455545425415039,0.0,0.0,0.8541129263399255,0.3728002987729337,0.6221683715419988,-0.025532772036013774,-0.006256629342209175,0.007213058533030302,-0.0012055413806127996,-0.0005747430592371158,0.0008491848341152535,0.9999987476119723,T_query_from_candidate: p_query = T_query_from_candidate * p_candidate,0.09738880098362301,True,True,24,cluster_representative
robot1,79,1.7228942401974979e+18,robot3,76.0,1.7228942476754278e+18,1.0,0.8783862590789795,0.0010142326354980469,0.0,0.0,0.8573089218250508,0.3930532592066223,0.6154171896581392,-0.013567591783021193,-0.002870366393872538,0.006205831151457044,-0.0012647169571284793,-0.0006325973962749778,0.001041271325107726,0.9999984580316013,T_query_from_candidate: p_query = T_query_from_candidate * p_candidate,0.11941258188642223,True,True,25,cluster_representative
robot1,80,1.722894240695643e+18,robot3,87.0,1.7228942531267325e+18,1.0,0.8923806548118591,0.00038689374923706055,0.0,0.0,0.8543123543123543,0.384870113312189,0.6168898773251005,-0.003191386221919478,-0.004486117169075549,0.005351503438867645,-0.0012608412659905622,-0.000639420537176787,0.0009510834219365017,0.999998548429448,T_query_from_candidate: p_query = T_query_from_candidate * p_candidate,0.10907851324233775,True,True,26,cluster_representative
robot1,81,1.7228942411975516e+18,robot3,76.0,1.7228942476754278e+18,1.0,0.8763748407363892,0.0005770325660705566,0.0,0.0,0.8520778843359489,0.3920876567694765,0.612086372716865,0.02358423284854747,0.006711613344804634,0.006679714778545841,-0.0010672017514854063,-0.0005031140088046091,0.0011399665739631885,0.9999986542155574,T_query_from_candidate: p_query = T_query_from_candidate * p_candidate,0.13069207729753884,True,True,27,cluster_representative
robot1,83,1.7228942421993388e+18,robot3,87.0,1.7228942531267325e+18,1.0,0.8764867186546326,0.000766754150390625,0.0,0.0,0.8476107226107226,0.355358009018592,0.6253777356024726,-0.009011907032958111,0.007796538238130279,0.004484618861013095,-0.0012412095082415659,-0.000717152489848879,0.0007242193454515281,0.9999987102979696,T_query_from_candidate: p_query = T_query_from_candidate * p_candidate,0.08309143334884084,True,True,28,cluster_representative
robot1,86,1.7228942436963295e+18,robot3,76.0,1.7228942476754278e+18,2.0,0.8758692145347595,5.710124969482422e-05,0.0,0.0,0.8480092996222028,0.3875675313810496,0.6111481282487037,-0.013659916077772184,0.0055038067903211115,0.005129607960445765,-0.0012596924991457484,-0.0006720356805281602,0.0011090127470371252,0.9999983658154541,T_query_from_candidate: p_query = T_query_from_candidate * p_candidate,0.12718051926069052,True,True,29,cluster_representative
robot1,89,1.7228942451996664e+18,robot3,87.0,1.7228942531267325e+18,1.0,0.880837619304657,0.0011756420135498047,0.0,0.0,0.8569347319347319,0.3647235431402343,0.6279181862451949,0.006019431455784262,-0.009138580856775222,0.004868510476049035,-0.001275910455915412,-0.0006700852728813824,0.0010068030934599985,0.9999984546916892,T_query_from_candidate: p_query = T_query_from_candidate * p_candidate,0.11546911149633843,True,True,30,cluster_representative
robot1,90,1.722894245697633e+18,robot3,76.0,1.7228942476754278e+18,1.0,0.8640317916870117,0.0014829039573669434,0.0,0.0,0.8523684975297878,0.3614928321873195,0.6260543407785754,-0.005371196077977056,0.006698606540725349,0.007242336167443658,-0.0011636198137839361,-0.0007140678808337571,0.0009135375044554668,0.999998650771699,T_query_from_candidate: p_query = T_query_from_candidate * p_candidate,0.1047789250891924,True,True,31,cluster_representative
robot1,91,1.7228942461977344e+18,robot3,43.0,1.722894231172841e+18,1.0,0.8878743648529053,0.0011791586875915527,0.0,0.0,0.8695014662756598,0.3873451265895581,0.6267376802001043,0.008909616774982556,-0.007123887535469429,0.006872055111614751,-0.0011192546463649998,-0.0005445243044724954,0.0009379515114412982,0.9999987855039028,T_query_from_candidate: p_query = T_query_from_candidate * p_candidate,0.10755116127290876,True,True,32,cluster_representative
robot1,92,1.722894246698111e+18,robot3,21.0,1.7228942201308972e+18,1.0,0.8764877915382385,0.002369701862335205,0.0,0.0,0.8732517482517482,0.3650927041146296,0.6397014251263771,-0.017254546346256363,0.014482189116434046,0.005378195132227864,-0.0011201852931572592,-0.0007592318417361469,0.0007728938748099071,0.9999987856927517,T_query_from_candidate: p_query = T_query_from_candidate * p_candidate,0.08866460177003432,True,True,33,cluster_representative
robot1,93,1.7228942471956127e+18,robot3,78.0,1.722894248624642e+18,1.0,0.8793772459030151,1.4543533325195312e-05,0.0,0.0,0.8534883720930233,0.381373397448102,0.6178549360149299,-0.004507812124088262,-0.01403836580714626,0.006863893434563982,-0.0011713142924119214,-0.0009158152951923626,0.0011234284908195763,0.9999982636052923,T_query_from_candidate: p_query = T_query_from_candidate * p_candidate,0.12885844607012586,True,True,34,cluster_representative
robot1,94,1.7228942476956134e+18,robot3,87.0,1.7228942531267325e+18,1.0,0.8764411807060242,0.004871964454650879,0.0,0.0,0.8572261072261073,0.3596623212397261,0.6304698555186095,0.0006728078748983683,0.0028219173772396073,0.005462051537471006,-0.0012228715544359873,-0.0008387627317867532,0.0007781019008446078,0.9999985978088535,T_query_from_candidate: p_query = T_query_from_candidate * p_candidate,0.08928148280108417,True,True,35,cluster_representative
robot1,96,1.7228942486974198e+18,robot3,95.0,1.7228942571348803e+18,1.0,0.875256359577179,0.003062725067138672,0.0,0.0,0.873968253968254,0.3613069695521067,0.642006743163744,-0.052449946862457686,-0.015365571695178475,0.008287396887877786,-0.001275701333544044,-0.0006004032003089957,0.0016011966686070237,0.9999977241330769,T_query_from_candidate: p_query = T_query_from_candidate * p_candidate,0.18357142019689832,True,True,36,cluster_representative
robot1,97,1.7228942491974108e+18,robot3,43.0,1.722894231172841e+18,2.0,0.8708986639976501,0.0018532872200012207,0.0,0.0,0.830791788856305,0.3632362138950837,0.6094261437513746,-0.022609453492524068,0.0033319379790794305,0.006107320434093918,-0.0013717658563899206,-0.0008301970074407042,0.0007878501213206913,0.9999984041605018,T_query_from_candidate: p_query = T_query_from_candidate * p_candidate,0.09041149241389235,True,True,37,cluster_representative
robot1,99,1.7228942501961674e+18,robot3,93.0,1.7228942561285778e+18,1.0,0.880998969078064,0.005596518516540527,0.0,0.0,0.8715540745228718,0.3841875133000658,0.6296502938716623,-0.005634045824702254,-0.009351508434247162,0.007680292982373982,-0.001120720689771752,-0.000649517343683597,0.0013065114772010805,0.9999983075686256,T_query_from_candidate: p_query = T_query_from_candidate * p_candidate,0.1497986445056938,True,True,38,cluster_representative
robot1,105,1.7228942531973245e+18,robot3,93.0,1.7228942561285778e+18,1.0,0.8822749853134155,0.0033453702926635742,0.0,0.0,0.8888215692214481,0.3711732395460363,0.6482197461173588,-0.015538564065797787,-0.0006407683394429456,0.007174157995739351,-0.0010280168498026504,-0.00048788892319818003,0.0015998787766843972,0.9999980727649704,T_query_from_candidate: p_query = T_query_from_candidate * p_candidate,0.18339012411846056,True,True,39,cluster_representative
robot1,108,1.7228942546973225e+18,robot3,87.0,1.7228942531267325e+18,1.0,0.8942577242851257,0.0017043352127075195,0.0,0.0,0.8595571095571095,0.3854780606728921,0.6204047064734061,-0.025933952823393804,-0.013843856127545826,0.001612642759584533,-0.0013759229227878994,-0.0007663191809546236,0.0012768453095582703,0.9999979446264272,T_query_from_candidate: p_query = T_query_from_candidate * p_candidate,0.14643654944327977,True,True,40,cluster_representative
robot1,109,1.7228942551996165e+18,robot3,123.0,1.722894271126947e+18,1.0,0.8694676160812378,0.0003647804260253906,0.0,0.0,0.8664394174155562,0.3629291489551892,0.6357186050938611,0.10428089474823335,0.1099437635574528,-0.023424351130493907,-0.0038594323574398927,0.0017187634464404698,-0.0049978477324294866,0.9999785858467855,T_query_from_candidate: p_query = T_query_from_candidate * p_candidate,0.5734719242395556,True,True,41,cluster_representative
robot1,129,1.7228942651974676e+18,robot3,102.0,1.722894260640705e+18,1.0,0.7421413660049438,0.007826745510101318,0.0,0.0,0.8564315352697095,0.4001164957920077,0.6116859117392582,0.039737963985025625,0.21413144534603148,-0.0023437600739644265,-0.006775858299575452,-0.05562381406786488,-0.010520955376464289,0.9983733713149676,T_query_from_candidate: p_query = T_query_from_candidate * p_candidate,1.1677862534605765,True,True,42,cluster_representative
robot1,141,1.7228942711952422e+18,robot3,90.0,1.7228942546234084e+18,1.0,0.8293883800506592,0.0036316514015197754,0.0,0.0,0.8534532791642484,0.3774686044418729,0.6195809301294771,0.02516549952709331,0.21762703757739707,0.015389452635164313,-0.005229285958643615,-0.005579468005437593,-0.013020209788490212,0.9998859926222603,T_query_from_candidate: p_query = T_query_from_candidate * p_candidate,1.4887550980089657,True,True,43,cluster_representative
robot1,144,1.7228942726976074e+18,robot3,43.0,1.722894231172841e+18,1.0,0.8317775726318359,0.002818465232849121,0.0,0.0,0.8574780058651026,0.374035706875309,0.6240580223457882,0.038812752461128384,0.20865409401349172,0.015395275773085177,-0.005456377087867179,-0.005415112400506927,-0.012531692494485673,0.9998919247548649,T_query_from_candidate: p_query = T_query_from_candidate * p_candidate,1.432720596740694,True,True,44,cluster_representative
robot1,146,1.722894273696897e+18,robot3,87.0,1.7228942531267325e+18,1.0,0.8375588655471802,0.0005995631217956543,0.0,0.0,0.8513986013986014,0.3818566417431998,0.6161265761436509,0.08113620184566103,0.20477638324814457,0.017139748350417466,-0.005078178826019602,-0.005178102058895067,-0.012317628010931553,0.9998978324804304,T_query_from_candidate: p_query = T_query_from_candidate * p_candidate,1.408557992632268,True,True,45,cluster_representative
robot1,147,1.7228942741957373e+18,robot3,43.0,1.722894231172841e+18,1.0,0.8332931399345398,0.0017395615577697754,0.0,0.0,0.8542521994134897,0.3772473929411666,0.6202605311085034,0.050913298504199775,0.20737686864897464,0.017436340010732347,-0.005199519825661959,-0.005327572479388163,-0.012569027654511448,0.9998932950614678,T_query_from_candidate: p_query = T_query_from_candidate * p_candidate,1.4372107946451536,True,True,46,cluster_representative
robot1,148,1.7228942746980076e+18,robot3,81.0,1.722894250126316e+18,2.0,0.8347434401512146,0.010199666023254395,0.0,0.0,0.849912739965096,0.3793032525984223,0.6161899048407045,0.057984825434963916,0.2161419837576082,0.015283913885975555,-0.0052375965205948265,-0.005314097846486795,-0.01238437960650875,0.9998954720812208,T_query_from_candidate: p_query = T_query_from_candidate * p_candidate,1.4160336547512031,True,True,47,cluster_representative
robot1,151,1.7228942761990533e+18,robot3,119.0,1.7228942691752924e+18,2.0,0.8154963254928589,0.010664403438568115,0.0,0.0,0.8570996978851964,0.3892841721239046,0.6169362000107456,0.04689196928845756,0.34639464496519556,-0.006313787558875379,-0.008461009398322407,-0.00024278571301497942,-0.017590064040450326,0.999809452856949,T_query_from_candidate: p_query = T_query_from_candidate * p_candidate,2.0154696321724543,True,True,48,cluster_representative
robot1,152,1.7228942766977572e+18,robot3,21.0,1.7228942201308972e+18,2.0,0.8228520154953003,0.01739180088043213,0.0,0.0,0.8551864801864801,0.3897771969782679,0.6153407050035609,0.04253813320658715,0.21474953848228315,0.018335312910142145,-0.005112202661296537,-0.0050942872606737355,-0.012475343233110222,0.9998961343221964,T_query_from_candidate: p_query = T_query_from_candidate * p_candidate,1.426659547145988,True,True,49,cluster_representative
robot1,153,1.7228942771994644e+18,robot3,90.0,1.7228942546234084e+18,2.0,0.8134828805923462,0.01770418882369995,0.0,0.0,0.843006384213581,0.3790058829738882,0.6113145669803813,0.04499274479270168,0.20092359034360813,0.015197590023152364,-0.005440670429243284,-0.0052441842233319136,-0.012825192086566958,0.9998891999041967,T_query_from_candidate: p_query = T_query_from_candidate * p_candidate,1.4664693075755793,True,True,50,cluster_representative
robot1,154,1.7228942776971249e+18,robot3,67.0,1.722894243125703e+18,2.0,0.817063570022583,0.00013637542724609375,0.0,0.0,0.8506588579795022,0.3802275975439085,0.6163178156220286,0.04639635951535814,0.20852259377260168,0.015144370070383113,-0.004959978211533618,-0.004970571791916201,-0.012606689067911132,0.9998958762906004,T_query_from_candidate: p_query = T_query_from_candidate * p_candidate,1.441869817137217,True,True,51,cluster_representative
robot1,155,1.7228942781968794e+18,robot3,90.0,1.7228942546234084e+18,2.0,0.8128678798675537,0.012389779090881348,0.0,0.0,0.8406848520023216,0.3788935942161138,0.6096807291937866,0.046961168588959205,0.20945145143968405,0.016479807460201328,-0.005369749073832111,-0.005528029019401107,-0.012895004375907463,0.999887156409257,T_query_from_candidate: p_query = T_query_from_candidate * p_candidate,1.4743454129022666,True,True,52,cluster_representative
robot1,160,1.7228942806976538e+18,robot3,43.0,1.722894231172841e+18,1.0,0.8485140204429626,0.0009451508522033691,0.0,0.0,0.8410557184750733,0.3782378236991997,0.6102399049081921,0.06968640257371086,0.21301524059850702,0.013704320250695136,-0.00535133717781892,-0.005249930290107411,-0.012409713577955166,0.9998948946920728,T_query_from_candidate: p_query = T_query_from_candidate * p_candidate,1.418904820110555,True,True,53,cluster_representative
robot1,161,1.7228942811963003e+18,robot3,87.0,1.7228942531267325e+18,1.0,0.8428076505661011,0.00022286176681518555,0.0,0.0,0.8409090909090909,0.3767990973326346,0.6107710940094605,0.09863357535401529,0.19674542220290597,0.01827358187008251,-0.004916344654717064,-0.004979696612622536,-0.012249763733346823,0.9999004827808413,T_query_from_candidate: p_query = T_query_from_candidate * p_candidate,1.400985164840904,True,True,54,cluster_representative
robot1,163,1.7228942821988613e+18,robot3,43.0,1.722894231172841e+18,1.0,0.8345335125923157,9.059906005859375e-06,0.0,0.0,0.844574780058651,0.3786669356104905,0.6126024772507241,0.03609028248555657,0.20845956909934077,0.013500006538548773,-0.00534754140283028,-0.005482398198991764,-0.012699154652714708,0.9998900332446758,T_query_from_candidate: p_query = T_query_from_candidate * p_candidate,1.4519412089494494,True,True,55,cluster_representative
robot1,164,1.7228942827040307e+18,robot3,67.0,1.722894243125703e+18,3.0,0.833920419216156,0.00011819601058959961,0.0,0.0,0.8430453879941435,0.3815071938698039,0.6102359739674247,0.03837560728831949,0.20753985802327854,0.011772057687653553,-0.005611377197922596,-0.005351417715411905,-0.012662511307661368,0.9998897617146407,T_query_from_candidate: p_query = T_query_from_candidate * p_candidate,1.4476550336907792,True,True,56,cluster_representative
robot1,168,1.7228942847039365e+18,robot3,90.0,1.7228942546234084e+18,1.0,0.8359265327453613,0.0027771592140197754,0.0,0.0,0.8485200232153222,0.3822561896365903,0.613865960288018,0.047170094929889966,0.21765549693673902,0.014784551341679344,-0.005183300504745654,-0.0052852949091156285,-0.012602501043455035,0.9998931823055156,T_query_from_candidate: p_query = T_query_from_candidate * p_candidate,1.4410811395774488,True,True,57,cluster_representative
robot1,170,1.7228942857001697e+18,robot3,118.0,1.722894268623546e+18,1.0,0.8465330004692078,0.004907727241516113,0.0,0.0,0.8414671112458321,0.376825217036252,0.6111648020633806,-0.1284464083462915,0.3589665688157877,-0.018682107280102122,-0.006723150580546023,-0.0009605577094149795,-0.013587876512803736,0.9998846164368322,T_query_from_candidate: p_query = T_query_from_candidate * p_candidate,1.5563310871677345,True,True,58,cluster_representative
robot1,179,1.7228942901970365e+18,robot3,131.0,1.7228942751285788e+18,1.0,0.8955921530723572,0.02709352970123291,59.0,-6.0,0.9354249162351508,0.3673941611848821,0.6840931040868137,-0.3880430072706125,-0.11289615353211871,0.014939915369867168,0.0004169723325009831,0.0003154354352508036,-0.04346043252882013,0.9990550122185304,T_query_from_candidate: p_query = T_query_from_candidate * p_candidate,1.0182468760366987,True,True,59,cluster_representative
robot1,211,1.7228943061984146e+18,robot3,177.0,1.7228942981283643e+18,1.0,0.7422690987586975,0.011271893978118896,2.0,12.0,0.8715689596746865,0.4145696591545524,0.6161371792716084,-0.7025784115557294,2.232318236169567,-0.04473991412745282,0.0006215181927559486,0.003353570278583581,0.0978143646371326,0.9951988330741535,T_query_from_candidate: p_query = T_query_from_candidate * p_candidate,0.7729276448823441,True,True,60,cluster_representative
robot1,283,1.72289434219955e+18,robot3,252.0,1.722894335625545e+18,1.0,0.8145303130149841,0.00251692533493042,3.0,18.0,0.9819055696918292,0.3103548006820431,0.7493432841095745,-0.3942209193606363,0.6171617782072186,-0.00887136328356134,-0.0002633855835832521,-0.000582140974435413,0.13677996268715775,0.9906012485088135,T_query_from_candidate: p_query = T_query_from_candidate * p_candidate,2.2768574250581253,True,True,61,cluster_representative
robot1,454,1.7228944276993974e+18,robot3,3012.0,1.7228957156346657e+18,1.0,0.8542033433914185,0.029049336910247803,1.0,6.0,0.9402402402402402,0.3212586720603451,0.7116246501330794,-0.08424374523822532,0.7086031013557486,-0.014862363323739532,-0.000918666370917483,1.0192000555002212e-06,0.033447197993153405,0.9994400637344227,T_query_from_candidate: p_query = T_query_from_candidate * p_candidate,2.166520169625727,True,True,62,cluster_representative
robot1,481,1.7228944412019658e+18,robot3,3042.0,1.7228957306369009e+18,2.0,0.8121486902236938,0.011414289474487305,59.0,-6.0,0.8398739616155829,0.3380105554126523,0.6277035395707767,0.10182421747955638,-0.19534158928658085,-0.0027700514920815807,0.00034185228325967946,0.0002014563168950798,-0.030231159933530777,0.9995428552700689,T_query_from_candidate: p_query = T_query_from_candidate * p_candidate,2.535244229360785,True,True,63,cluster_representative
robot1,512,1.722894456699266e+18,robot3,3072.0,1.7228957456362506e+18,1.0,0.8045189380645752,0.020216405391693115,0.0,0.0,0.9203077768617752,0.3260350883780181,0.6940297318885271,-0.13146666547807903,-0.39092595910371913,-0.0025553499613532077,-0.000790801367012367,0.00019534234116287097,-0.006493583643917317,0.9999785846937058,T_query_from_candidate: p_query = T_query_from_candidate * p_candidate,0.7441326131591097,True,True,64,cluster_representative
robot1,547,1.7228944742018872e+18,robot3,3613.0,1.7228960161334444e+18,1.0,0.8390812873840332,0.009604573249816895,43.0,-102.0,0.8765743073047859,0.3970711818477653,0.6274371117908462,-0.35523411746127986,0.4272703127989351,0.0052155371758581676,0.007302546291630607,0.017597644452490405,0.7747374355226612,-0.6319959665434207,T_query_from_candidate: p_query = T_query_from_candidate * p_candidate,0.39468155035098107,True,True,65,cluster_representative
robot1,575,1.722894488200629e+18,robot3,2550.0,1.7228954846319327e+18,1.0,0.9227021932601929,0.02996617555618286,0.0,0.0,0.967199148029819,0.3211027158055,0.7321150251667603,0.16329797506152666,0.1044157864996779,-0.0024282053313132127,0.000482329476282382,0.0001015835133044182,-0.008225268950027849,0.9999660504185959,T_query_from_candidate: p_query = T_query_from_candidate * p_candidate,0.9425513118319486,True,True,66,cluster_representative
robot1,632,1.7228945167075848e+18,robot3,3535.0,1.7228959771308032e+18,1.0,0.8109207153320312,0.0037242770195007324,29.0,174.0,0.9189867640346874,0.3773022012724052,0.6672368367564444,-0.2504753401891464,0.76899476084798,-0.01750074549385214,0.0047722155541279985,0.03365680687203373,0.9985108813994763,0.0426669079817658,T_query_from_candidate: p_query = T_query_from_candidate * p_candidate,1.0935045818892206,True,True,67,cluster_representative
robot1,635,1.7228945182061832e+18,robot3,2615.0,1.722895517134082e+18,1.0,0.8378020524978638,0.011637747287750244,1.0,6.0,0.9588316467341308,0.3412206291947083,0.7148947949822614,-0.049376093151664205,-0.7811724487082011,0.01510183652603051,0.00021394891112402816,-0.0004684549844494073,0.03563135959083439,0.9993648687989286,T_query_from_candidate: p_query = T_query_from_candidate * p_candidate,1.91609269584103,True,True,68,cluster_representative
robot1,638,1.7228945197018301e+18,robot3,3529.0,1.722895974142509e+18,1.0,0.8706036806106567,0.007044613361358643,28.0,168.0,0.9390886191893748,0.3794428499248841,0.6807738495585459,0.23972751475893725,0.12199379018912011,-0.002788196356092399,0.0049387520323612025,0.021781685704868787,0.9959770838973887,0.08678026992047981,T_query_from_candidate: p_query = T_query_from_candidate * p_candidate,2.033017220122332,True,True,69,cluster_representative
robot1,639,1.72289452020113e+18,robot3,2620.0,1.7228955196334536e+18,1.0,0.9017339944839478,0.026368677616119385,0.0,0.0,0.9624914753353034,0.3543299961683392,0.710677219036998,0.36021068339884277,-0.5945232274085558,0.00744942403677718,-0.0006048284640209234,-0.0006465426747183598,0.005933129539923115,0.999982006907605,T_query_from_candidate: p_query = T_query_from_candidate * p_candidate,0.6799356624132145,True,True,70,cluster_representative
robot1,643,1.7228945222001467e+18,robot3,3525.0,1.7228959721346166e+18,1.0,0.9152839183807373,0.07629024982452393,29.0,174.0,0.9318676008697752,0.3889587098056108,0.6709109452218296,-0.4247110416319465,-0.4199560239915234,0.015911813378405037,0.006984656639854931,0.018814843894026618,0.9989332526227226,0.04158813563331194,T_query_from_candidate: p_query = T_query_from_candidate * p_candidate,1.2184605576671856,True,True,71,cluster_representative
robot1,644,1.7228945227011284e+18,robot3,2625.0,1.722895522133676e+18,1.0,0.8779857754707336,0.03631323575973511,0.0,0.0,0.9434200555695884,0.363676233978988,0.6918211464438595,-0.1467320531072501,-0.747096496705603,0.014779733939276686,-0.00010930415606725219,0.00018503110477143323,-0.009434578414330512,0.9999554702816699,T_query_from_candidate: p_query = T_query_from_candidate * p_candidate,1.0811414548109042,True,True,72,cluster_representative
robot1,645,1.72289452319905e+18,robot3,3522.0,1.7228959706445601e+18,1.0,0.886044442653656,0.040328800678253174,30.0,-180.0,0.9465950833568804,0.3710420475760654,0.6904201698484841,0.09646532617507105,-0.5739633924812296,0.006455360830803722,0.006166577507914935,0.018062883980507354,0.9998107152673356,0.0037734839027709264,T_query_from_candidate: p_query = T_query_from_candidate * p_candidate,0.4451290455162962,True,True,73,cluster_representative
robot1,646,1.7228945237038277e+18,robot3,2628.0,1.7228955236398592e+18,1.0,0.8412347435951233,0.0019812583923339844,0.0,0.0,0.9425703930861444,0.3339275023808506,0.7066129091752023,0.2551358881488402,-0.7426791275327571,0.004747731727170493,-0.00020919807953675634,0.0005336820281637286,-0.0038713941159925305,0.9999923418343037,T_query_from_candidate: p_query = T_query_from_candidate * p_candidate,0.4436431685758464,True,True,74,cluster_representative
robot1,653,1.7228945271990019e+18,robot3,3513.0,1.7228959661330179e+18,1.0,0.8499059081077576,0.014255106449127197,31.0,-174.0,0.920899671468284,0.3634100676723809,0.6754385150173107,-0.07876327401550445,-0.07404049185071766,-0.019629217226876664,0.006654752969645422,0.021949242767883827,0.9971176546588626,-0.07232100505689047,T_query_from_candidate: p_query = T_query_from_candidate * p_candidate,2.276621842791201,True,True,75,cluster_representative
robot1,659,1.7228945302028434e+18,robot3,2646.0,1.7228955326356488e+18,1.0,0.8385369181632996,0.004151523113250732,4.0,24.0,0.9071076706544688,0.420645313410772,0.6385180467576592,1.2693497096877704,-0.2961779311643593,-0.015400257349407108,0.0026642507931951913,0.0035463397654441923,0.22055595856697555,0.9753642367764883,T_query_from_candidate: p_query = T_query_from_candidate * p_candidate,1.4847457477499688,True,True,76,cluster_representative
robot1,660,1.7228945307016963e+18,robot3,3504.0,1.7228959616356424e+18,1.0,0.8678114414215088,0.0009949207305908203,28.0,168.0,0.9211717075494166,0.3710703417710223,0.6718632002202978,0.2823259217488775,0.35738032912005424,-0.02605457362402395,0.00356184883386213,0.011555119090955952,0.9951784874524449,0.09733226889137374,T_query_from_candidate: p_query = T_query_from_candidate * p_candidate,0.8247526515089021,True,True,77,cluster_representative
robot1,661,1.7228945312042035e+18,robot3,2646.0,1.7228955326356488e+18,1.0,0.895821213722229,0.03782546520233154,5.0,30.0,0.9106263194933144,0.442287163626653,0.6313765680362369,0.10267648499522844,-0.3066769923916501,0.011919376237480468,-0.0006746754822309832,0.0011349341491314446,0.25654600223566226,0.9665311197650961,T_query_from_candidate: p_query = T_query_from_candidate * p_candidate,0.26960126910816484,True,True,78,cluster_representative
robot1,664,1.7228945327043433e+18,robot3,3500.0,1.7228959596335887e+18,1.0,0.8735635876655579,0.01951289176940918,29.0,174.0,0.9089108910891088,0.3802000367909193,0.6585356229973758,-0.27352584587431034,0.36611541031949213,-0.011720315306069177,0.006494615424004824,0.017445753167073426,0.9981304244317435,0.05821616176488636,T_query_from_candidate: p_query = T_query_from_candidate * p_candidate,0.6871627525280246,True,True,79,cluster_representative
robot1,746,1.7228945737033736e+18,robot3,3426.0,1.7228959226364918e+18,1.0,0.6705124974250793,0.014155685901641846,30.0,-180.0,0.8933588761174968,0.3982092393656775,0.6389307486787777,-0.23103486599857154,0.7082792006328361,-0.01742491436531789,0.010897200960707525,0.015366426042388531,0.999694887028653,0.015976758453286527,T_query_from_candidate: p_query = T_query_from_candidate * p_candidate,1.8501726086393546,True,True,80,cluster_representative
robot1,779,1.722894590200427e+18,robot3,3399.0,1.722895909136562e+18,1.0,0.7904973030090332,0.009903013706207275,30.0,-180.0,0.9125596184419714,0.4030282083687446,0.650421433438587,-0.2675953698558088,-0.04865414293676236,-0.011258491878290767,0.002886962408589768,0.018240838048515107,0.9998272881488417,0.002081141098596643,T_query_from_candidate: p_query = T_query_from_candidate * p_candidate,0.24447918562248105,True,True,81,cluster_representative
robot1,827,1.7228946142007578e+18,robot3,3360.0,1.722895889641571e+18,1.0,0.8075024485588074,0.009634852409362793,28.0,168.0,0.9200773445053174,0.3829216819856222,0.6653141363611097,0.1428769538749498,0.08353836726430655,-0.008579742158503845,0.0023826495626016026,0.01327080341330595,0.9952658449654324,0.09625022910658976,T_query_from_candidate: p_query = T_query_from_candidate * p_candidate,0.9507428361307007,True,True,82,cluster_representative
robot1,843,1.722894622203553e+18,robot3,3358.0,1.7228958886420017e+18,1.0,0.7812601923942566,0.0022920966148376465,30.0,-180.0,0.8626237623762376,0.3787438402797606,0.6256591958381499,-0.6965819169447213,-0.023228576565243977,0.011190965382290271,0.008585171941795273,0.020722154251369553,0.9997400169273799,0.004097035508063251,T_query_from_candidate: p_query = T_query_from_candidate * p_candidate,0.48982655771089867,True,True,83,cluster_representative
robot1,878,1.722894639703965e+18,robot3,3347.0,1.7228958831371464e+18,1.0,0.6795466542243958,0.013358831405639648,31.0,-174.0,0.9063545150501672,0.3729224379154171,0.6601643982352962,0.0934061160748275,1.7603176203836612,-0.0460028441535052,0.019578980839574007,0.024098641949551806,0.9966377744834772,-0.07582259187137026,T_query_from_candidate: p_query = T_query_from_candidate * p_candidate,2.645972778191492,True,True,84,cluster_representative
robot1,905,1.7228946532009797e+18,robot3,3802.0,1.7228961106321388e+18,1.0,0.834641695022583,0.04330801963806152,30.0,-180.0,0.9515,0.3279397511480376,0.716523471172095,-0.13998144666667695,1.0781521764744804,-0.017120795009650455,0.010392035319312647,0.01575541464883389,0.9998213995336169,-0.0009703328320525294,T_query_from_candidate: p_query = T_query_from_candidate * p_candidate,0.09242998024041071,True,True,85,cluster_representative
robot1,931,1.7228946662020828e+18,robot3,3276.0,1.7228958476316124e+18,1.0,0.8002232909202576,0.009057581424713135,30.0,-180.0,0.9145584725536992,0.3900286486613949,0.6579421751015161,-0.6156846483592062,1.6835831304290867,-0.022598354327711505,0.011953128409357755,0.016275417181253412,0.9996978613695856,-0.014014973773874163,T_query_from_candidate: p_query = T_query_from_candidate * p_candidate,1.5838910725356072,True,True,86,cluster_representative
robot1,934,1.722894667702732e+18,robot3,3779.0,1.72289609913415e+18,1.0,0.784054696559906,0.007999420166015625,29.0,174.0,0.9246135552913198,0.3821859678276148,0.6689501824016759,0.16490825334912015,1.6360211001135634,-0.02798868914058915,0.002529019455182102,0.016379042254786615,0.999540227589514,0.02539024351426799,T_query_from_candidate: p_query = T_query_from_candidate * p_candidate,3.0858010865827907,True,True,87,cluster_representative
robot1,936,1.7228946687013568e+18,robot3,3271.0,1.7228958451459277e+18,1.0,0.8002192974090576,0.02235966920852661,30.0,-180.0,0.9169061302681992,0.3818446392565031,0.6635377843644836,0.3354089695503144,1.6350572789995659,-0.03998150729748284,0.009813413580855078,0.018458841973033945,0.9997685089063256,0.005088876705893867,T_query_from_candidate: p_query = T_query_from_candidate * p_candidate,0.6038901583394818,True,True,88,cluster_representative
robot1,946,1.7228946737017856e+18,robot3,3771.0,1.7228960951445425e+18,1.0,0.755550742149353,0.007457137107849121,30.0,-180.0,0.9051749060422088,0.3752873718689372,0.6581714662384544,1.4434398301872693,1.4885108362845227,-0.02900568604872362,0.004614243939129633,0.018608406187236803,0.9998156148015556,0.0010827608362348898,T_query_from_candidate: p_query = T_query_from_candidate * p_candidate,0.1338974046993826,True,True,89,cluster_representative
robot1,954,1.7228946777008246e+18,robot3,3261.0,1.722895840138056e+18,1.0,0.7709261178970337,0.0007698535919189453,30.0,-180.0,0.8772712782913612,0.3855228640517983,0.633169831442467,0.051160262815721336,1.6798895994079956,-0.03686995321015515,0.009754325143735313,0.011191259494807341,0.9998895456239051,0.0007109176680114439,T_query_from_candidate: p_query = T_query_from_candidate * p_candidate,0.0939832403055334,True,True,90,cluster_representative
robot1,959,1.7228946802017697e+18,robot3,3764.0,1.7228960916319808e+18,1.0,0.7810923457145691,0.03883814811706543,30.0,-180.0,0.8817374762206721,0.3903828296997618,0.6341688471592201,0.34529712619718556,1.2772020162255364,-0.023226366362607644,0.007078112760825579,0.022205748373866126,0.9997259418875306,0.002201403186878659,T_query_from_candidate: p_query = T_query_from_candidate * p_candidate,0.2702316857337337,True,True,91,cluster_representative
robot1,973,1.7228946871998733e+18,robot3,3248.0,1.722895833635095e+18,1.0,0.8114733099937439,0.010336518287658691,27.0,162.0,0.9076881429344884,0.3991843341509427,0.6487266336392299,0.07383474847264274,0.7802256976056657,-0.017272340676524264,0.010941903620418046,0.023028352762067102,0.9884799761206384,0.1491888284114107,T_query_from_candidate: p_query = T_query_from_candidate * p_candidate,0.8138887769576115,True,True,92,cluster_representative
robot1,993,1.7228946972030797e+18,robot3,3742.0,1.722896080636305e+18,1.0,0.9194694757461548,0.05025678873062134,26.0,156.0,0.9018626633305532,0.3855357106131952,0.6509126083306915,0.0008994633001819126,-0.0828557604585656,-2.8163709103062064e-05,-0.004491209250230275,0.015389807646273937,0.9782959060465508,0.2065916335978774,T_query_from_candidate: p_query = T_query_from_candidate * p_candidate,0.1637797715963245,True,True,93,cluster_representative
robot1,1002,1.7228947017019924e+18,robot3,3218.0,1.7228958186390088e+18,1.0,0.8068093657493591,0.005880236625671387,40.0,-120.0,0.9021088258266076,0.4100068005937858,0.6397904077105935,0.6072624875394712,-0.15376378886515524,-0.0061808008519637836,0.00804529488596412,0.017859659723663584,0.8518447432095808,-0.5234279694962393,T_query_from_candidate: p_query = T_query_from_candidate * p_candidate,3.118013937215096,True,True,94,cluster_representative
robot1,1014,1.7228947077032963e+18,robot3,3199.0,1.7228958091404616e+18,1.0,0.7249444723129272,0.009523212909698486,30.0,-180.0,0.8780985710119569,0.4210875782233967,0.6179060210418071,-0.06933028737518947,1.6832902370657745,-0.03880238174938981,-0.002035073603999011,0.017872521447443744,0.9996972776553154,0.016786438010736246,T_query_from_candidate: p_query = T_query_from_candidate * p_candidate,1.9192136725288265,True,True,95,cluster_representative
robot1,1036,1.722894718708226e+18,robot3,3174.0,1.7228957966328873e+18,1.0,0.835446834564209,0.03100419044494629,31.0,-174.0,0.8806731259561448,0.3972875035525872,0.6302733859116636,-0.10171357621177807,0.5289710277035538,-0.011276966218778425,0.007294908809746758,0.01839866348956682,0.9979878041776584,-0.06023799631387985,T_query_from_candidate: p_query = T_query_from_candidate * p_candidate,0.8910651943968162,True,True,96,cluster_representative
robot1,1037,1.7228947192015296e+18,robot3,3686.0,1.7228960526321172e+18,1.0,0.8222317099571228,0.013624370098114014,32.0,-168.0,0.8733695652173913,0.4273914016370714,0.6118641069406233,-0.18227245694140332,-1.359378084272992,0.03254699219480935,0.00958958396903242,0.026311378555534025,0.9937557192936906,-0.10800611838635833,T_query_from_candidate: p_query = T_query_from_candidate * p_candidate,0.37002568045579665,True,True,97,cluster_representative
robot1,1041,1.7228947212062188e+18,robot3,3168.0,1.7228957936377434e+18,1.0,0.8482040762901306,0.02724158763885498,30.0,-180.0,0.8852249488752556,0.3780112955955058,0.6423931006260053,-0.29357493300565374,0.6900940729044355,-0.014469861151590524,0.007118912898230373,0.020164089853126687,0.9997705257198891,-0.0012753279260524486,T_query_from_candidate: p_query = T_query_from_candidate * p_candidate,0.12967241758963155,True,True,98,cluster_representative
robot1,1052,1.722894726699425e+18,robot3,3672.0,1.722896045635088e+18,1.0,0.8902572393417358,0.03337240219116211,31.0,-174.0,0.916184243644601,0.374350805994791,0.6666305572407643,0.23354847934342893,-0.09188615245668522,-0.00926909844598449,0.003342526336675259,0.018018687223226804,0.998084580925807,-0.05908742460622799,T_query_from_candidate: p_query = T_query_from_candidate * p_candidate,0.7670324022569446,True,True,99,cluster_representative
robot1,1082,1.7228947417007127e+18,robot3,2493.0,1.7228954561318164e+18,1.0,0.866249680519104,0.060585856437683105,57.0,-18.0,0.8756143667296786,0.362941213824333,0.6424447055003613,0.019043827200451894,-0.35675416534465787,-0.007598930508247558,-0.0030424318701956863,-0.0020600863336785206,-0.1559489815338784,0.9877582775209526,T_query_from_candidate: p_query = T_query_from_candidate * p_candidate,0.056973237800747256,True,True,100,cluster_representative
robot1,1083,1.7228947422022374e+18,robot3,3130.0,1.7228957746438912e+18,1.0,0.8270240426063538,0.0434647798538208,30.0,-180.0,0.8748125937031485,0.360857354759422,0.6428393032110271,-0.07396265006514686,0.5897116814627766,-0.01036256403719059,0.009904597682635059,0.020238141666130863,0.9997450951894653,0.0014356919076938673,T_query_from_candidate: p_query = T_query_from_candidate * p_candidate,0.18748307856844804,True,True,101,cluster_representative
robot1,1087,1.7228947442000412e+18,robot3,3645.0,1.7228960321370447e+18,1.0,0.800129234790802,0.025541722774505615,26.0,156.0,0.8703635695923614,0.384718857303357,0.6285489397373655,-0.14583182240173415,0.7440297375913841,-0.011890864626590654,0.009979802613774867,0.009831005048301296,0.9811766991686747,0.19260332262968438,T_query_from_candidate: p_query = T_query_from_candidate * p_candidate,1.777818569351723,True,True,102,cluster_representative
robot1,1091,1.722894746198358e+18,robot3,3123.0,1.722895771138745e+18,3.0,0.745765209197998,0.011372506618499756,30.0,-180.0,0.8685920577617329,0.388138141527907,0.625724509525892,-0.5079149609689977,0.6759769792763561,-0.012066063676498907,0.006774573588931913,0.014726258073499155,0.999839001688537,-0.007695009961681588,T_query_from_candidate: p_query = T_query_from_candidate * p_candidate,0.8703251220811694,True,True,103,cluster_representative
robot1,1109,1.7228947552044918e+18,robot3,3107.0,1.7228957631374167e+18,3.0,0.7159595489501953,0.0026264190673828125,30.0,-180.0,0.8620418848167539,0.3692326550618903,0.6295802847163245,-0.23113923274387219,1.408786451684307,-0.007365587034946267,0.004437009252676151,0.0035776143814866186,0.9998568221203632,-0.01593263580195003,T_query_from_candidate: p_query = T_query_from_candidate * p_candidate,1.8240468976879924,True,True,104,cluster_representative
robot1,1121,1.7228947612006333e+18,robot3,2529.0,1.7228954741343101e+18,2.0,0.7402858734130859,0.01703059673309326,1.0,6.0,0.8495454545454545,0.3666418346702589,0.6216299201395598,0.2527755294382571,-1.5416749640561875,0.03442455233292597,0.002885148412566906,0.0024594099654895855,0.045981157899240475,0.99893511317778,T_query_from_candidate: p_query = T_query_from_candidate * p_candidate,0.728253350303163,True,True,105,cluster_representative
robot1,1134,1.7228947677008916e+18,robot3,3082.0,1.7228957506336576e+18,1.0,0.6372161507606506,0.004877448081970215,29.0,174.0,0.8712214303268616,0.3851345336735403,0.6289796472089101,0.9234436491863819,2.0089231763658346,-0.03627085206712477,0.0052525411708236,0.015316291360680467,0.9996509149680821,0.020877505446766764,T_query_from_candidate: p_query = T_query_from_candidate * p_candidate,3.5984104941920236,True,True,106,cluster_representative
robot1,1144,1.7228947727083543e+18,robot3,3073.0,1.7228957461380544e+18,1.0,0.6287373900413513,0.014583766460418701,30.0,-180.0,0.8803396126293447,0.3786052595337046,0.6385726490896373,0.260475442832921,1.5554049686982714,-0.00016386312512750345,-4.8390312239259604e-05,0.011044000232159009,0.999457817673402,0.03101771121102572,T_query_from_candidate: p_query = T_query_from_candidate * p_candidate,3.5546605071705244,True,True,107,cluster_representative
robot1,1308,1.722894854702149e+18,robot3,2933.0,1.7228956761345882e+18,1.0,0.7611268758773804,0.05324941873550415,29.0,174.0,0.9448548812664908,0.3576683870369489,0.6959393695014101,0.05756128255646261,0.16263891870795832,-0.04475323661154706,0.010258135075013983,0.019412208070346125,0.999463726687421,0.024293947367785035,T_query_from_candidate: p_query = T_query_from_candidate * p_candidate,3.19313317700383,True,True,108,cluster_representative
robot1,1327,1.7228948642093166e+18,robot3,2908.0,1.7228956636327086e+18,1.0,0.8799906373023987,0.02669316530227661,29.0,174.0,0.927532833020638,0.367700088474203,0.6781697543467935,0.4404836311427166,0.19776773669459496,-0.009644354039163205,0.003230817629576693,0.017846318308434292,0.9982364615710324,0.056524663027950416,T_query_from_candidate: p_query = T_query_from_candidate * p_candidate,0.48634313396672724,True,True,109,cluster_representative
robot1,1348,1.7228948747031096e+18,robot3,2894.0,1.7228956566348582e+18,3.0,0.6050102114677429,0.036942243576049805,27.0,162.0,0.8753902923644621,0.4252505859763361,0.6142009699752522,-0.26205126314782523,1.9529196833332776,-0.03607176956482818,0.0075586496285328895,0.026348148407974906,0.992024532936806,0.12302832170998776,T_query_from_candidate: p_query = T_query_from_candidate * p_candidate,3.8476300188782204,True,True,110,cluster_representative
robot1,1373,1.7228948871978455e+18,robot3,2865.0,1.7228956421368765e+18,1.0,0.7755918502807617,0.011540651321411133,31.0,-174.0,0.9660484124489156,0.3730457166284494,0.7035806606797284,0.31973888820795404,0.9653106065280911,-0.011430547936181833,0.0025268042098991073,0.014168057830020935,0.9993217393022908,-0.033896058113804826,T_query_from_candidate: p_query = T_query_from_candidate * p_candidate,2.1194987060199253,True,True,111,cluster_representative
robot1,1444,1.722894922701892e+18,robot3,2798.0,1.7228956086397768e+18,1.0,0.8427097201347351,0.020660996437072754,32.0,-168.0,0.9596876319121992,0.3616247410891739,0.7048106596128224,0.4334059005166908,1.0768485253734872,0.027319541599836055,0.000683126742120394,-0.00028632537827295493,0.99568604467758,-0.09278335944525845,T_query_from_candidate: p_query = T_query_from_candidate * p_candidate,1.3524667780507684,True,True,112,cluster_representative
robot1,1557,1.7228949792011581e+18,robot3,2694.0,1.722895556634314e+18,3.0,0.7079760432243347,0.01178741455078125,30.0,-180.0,0.8587560494712314,0.4061263191959064,0.610724682233607,0.8612052055311968,2.489232659237388,-0.07658429500525332,0.007593458839399605,0.023233432885872162,0.999317506077064,0.027696011032439526,T_query_from_candidate: p_query = T_query_from_candidate * p_candidate,3.19374106073235,True,True,113,cluster_representative
robot1,1579,1.7228949902007537e+18,robot3,2678.0,1.7228955486367555e+18,1.0,0.676349937915802,0.007714033126831055,30.0,-180.0,0.8789005992973755,0.4095155735744372,0.623547987532016,-0.9252919680044742,2.1298882156531325,-0.026926556428251005,0.008137351301506725,0.01685867232458279,0.9998129738050475,0.004856551487981093,T_query_from_candidate: p_query = T_query_from_candidate * p_candidate,0.5722197101617894,True,True,114,cluster_representative
robot1,1606,1.722895003697354e+18,robot3,2654.0,1.7228955366315645e+18,1.0,0.8166429400444031,0.004314243793487549,27.0,162.0,0.9155753040224508,0.3768560703803621,0.6649753185672628,-0.621930407167635,-0.5469327336162312,0.013575282837489697,0.008296102659252862,0.02077768758786433,0.9880894164543897,0.15224574696848367,T_query_from_candidate: p_query = T_query_from_candidate * p_candidate,0.46881545963577764,True,True,115,cluster_representative
robot1,1619,1.7228950102034836e+18,robot3,3494.0,1.7228959566342963e+18,1.0,0.8086344599723816,0.02047032117843628,31.0,-174.0,0.8920847750865052,0.400453103135512,0.6369972497395254,-0.10744883703928665,0.9402271916443263,-0.02649300434643303,-0.000314111772974833,0.017717024752462524,0.9978404303933595,-0.06324937817963018,T_query_from_candidate: p_query = T_query_from_candidate * p_candidate,1.252188964264235,True,True,116,cluster_representative
robot1,1650,1.7228950257006646e+18,robot3,3461.0,1.722895940137657e+18,1.0,0.643755316734314,0.0033336877822875977,30.0,-180.0,0.8620594713656388,0.3930014466752011,0.6188503776670095,-0.4703000682540488,1.7872325228056405,-0.011557221687996574,0.009346632001135127,0.018497545599091163,0.9994892879487525,-0.024323744628261944,T_query_from_candidate: p_query = T_query_from_candidate * p_candidate,2.7676673778129555,True,True,117,cluster_representative
robot1,1661,1.7228950312024717e+18,robot3,3451.0,1.7228959351408906e+18,1.0,0.6543647646903992,0.00239717960357666,30.0,-180.0,0.85875,0.3869048720775228,0.6191845001695251,-1.0867874005919242,2.078362161606492,-0.03715331337059461,0.004792249662986894,0.02197706704180476,0.9997355715250396,-0.004778063929039861,T_query_from_candidate: p_query = T_query_from_candidate * p_candidate,0.5353457319859842,True,True,118,cluster_representative
robot1,1694,1.722895047699267e+18,robot3,3417.0,1.7228959181343245e+18,1.0,0.7697179913520813,0.044139862060546875,30.0,-180.0,0.9070432606363962,0.3756740283646516,0.6593446135743759,-0.1257970727943991,-0.017071758756184194,-0.005973862261110631,0.001983245033539598,0.018868857824035773,0.9996698057196927,0.01732952613042551,T_query_from_candidate: p_query = T_query_from_candidate * p_candidate,1.9898607996696,True,True,119,cluster_representative
robot1,1716,1.722895058703501e+18,robot3,3399.0,1.722895909136562e+18,1.0,0.8053368926048279,0.031691908836364746,30.0,-180.0,0.9090620031796502,0.4100781880349577,0.6446890753246042,-0.1068170168710509,0.05392682924641538,-0.008898181510712956,0.00034005958330563034,0.018554641022585996,0.9998277766870906,0.00016315928474712658,T_query_from_candidate: p_query = T_query_from_candidate * p_candidate,0.019416498054852127,True,True,120,cluster_representative
robot1,1740,1.72289507069922e+18,robot3,3384.0,1.7228959016359519e+18,2.0,0.7351366281509399,0.015883028507232666,30.0,-180.0,0.8694802657288003,0.3914629241127367,0.6248677206280738,0.09375688478897193,0.1740563246991324,-0.005712814273327747,0.003599742417532634,0.022228168093456305,0.9995954576754675,-0.017374446532457146,T_query_from_candidate: p_query = T_query_from_candidate * p_candidate,1.9814482033714285,True,True,121,cluster_representative
robot1,1759,1.7228950802015816e+18,robot3,3368.0,1.7228958936367101e+18,3.0,0.6241275072097778,0.03780299425125122,30.0,-180.0,0.8937265917602997,0.4192572799998535,0.6297142909567404,-0.11873288132827946,0.22388140470313134,0.005707819929210051,0.004057758712256919,0.01715960776460654,0.9997299077440013,-0.015139155120702094,T_query_from_candidate: p_query = T_query_from_candidate * p_candidate,1.7266975580210158,True,True,122,cluster_representative
robot1,1776,1.722895088698238e+18,robot3,3365.0,1.72289589214565e+18,1.0,0.7643148303031921,0.017124176025390625,32.0,-168.0,0.8782027478648348,0.423179851381239,0.6170708129492646,0.05718846975695141,0.26228496191819667,-0.016301406211685108,-0.0006378944319441063,0.016643036340778062,0.9955000318822285,-0.09328605980818096,T_query_from_candidate: p_query = T_query_from_candidate * p_candidate,1.294898949463942,True,True,123,cluster_representative
robot1,1789,1.7228950951954115e+18,robot3,3358.0,1.7228958886420017e+18,1.0,0.864039421081543,0.10848253965377808,24.0,144.0,0.8787128712871287,0.3945164897861171,0.6301201009260927,-0.22146044949057234,-0.2557406822176548,0.02760044344937115,0.0011959768421124257,0.02268125052950517,0.9511802360183962,0.30779910513482495,T_query_from_candidate: p_query = T_query_from_candidate * p_candidate,0.15184750113934342,True,True,124,cluster_representative
robot1,1806,1.722895103697299e+18,robot3,3863.0,1.7228961411318753e+18,1.0,0.7649023532867432,0.0009362697601318359,59.0,-6.0,0.9543504901960784,0.3736621860437426,0.6947490437548437,-0.3817164772212222,-0.20462399077590468,0.026407223823332205,-0.0010419203225249403,-0.0005615262971424819,-0.0768663870979721,0.9970407000843866,T_query_from_candidate: p_query = T_query_from_candidate * p_candidate,2.8168692771117207,True,True,125,cluster_representative
robot1,1964,1.722895182702652e+18,robot3,4162.0,1.7228962906329528e+18,3.0,0.7379958033561707,0.001795947551727295,31.0,-174.0,0.8647995450668183,0.4144430855036199,0.611406393039068,6.031031291993696,0.05704167306317925,0.03396628976405884,0.005406002524461958,0.020544004772097234,0.9996426841804618,0.016224147716017205,T_query_from_candidate: p_query = T_query_from_candidate * p_candidate,7.8716418082428845,True,True,126,cluster_representative
robot1,1966,1.7228951837012557e+18,robot3,4154.0,1.7228962866372257e+18,3.0,0.7313395738601685,0.00154876708984375,31.0,-174.0,0.8623230280265819,0.4154356916524203,0.6092279805519679,6.0296193523956045,0.0591944013883271,0.03686116811283306,0.00512355088931211,0.020794680893846642,0.9996408958282962,0.016106205649040924,T_query_from_candidate: p_query = T_query_from_candidate * p_candidate,7.8575918480927385,True,True,127,cluster_representative
robot1,1967,1.7228951841991434e+18,robot3,4176.0,1.7228962976346614e+18,1.0,0.7389944195747375,0.0014991164207458496,31.0,-174.0,0.8642278773857721,0.4188301036988953,0.6091130115809686,6.022217411617245,0.06133722829366907,0.036619048320129785,0.00534680911330627,0.020821539794809846,0.9996395553452294,0.01608211746229973,T_query_from_candidate: p_query = T_query_from_candidate * p_candidate,7.8553853787716434,True,True,128,cluster_representative
robot1,1968,1.7228951847027617e+18,robot3,4162.0,1.7228962906329528e+18,3.0,0.7354000806808472,0.0017963647842407227,31.0,-174.0,0.8609610463463179,0.4117787349201867,0.6098413476917764,6.023389307795966,0.06086630709522588,0.03293856578160986,0.005556883929762418,0.020626958442150248,0.9996416718503518,0.01613001942499073,T_query_from_candidate: p_query = T_query_from_candidate * p_candidate,7.861265268980105,True,True,129,cluster_representative
robot1,1971,1.722895186196868e+18,robot3,4154.0,1.7228962866372257e+18,3.0,0.7365697622299194,0.0016602873802185059,31.0,-174.0,0.8627564287778099,0.4143868901818628,0.6099861606231913,6.026264008083471,0.06544828849954865,0.03202910602518672,0.00541091099038312,0.02082147919100697,0.9996397206960724,0.016050447134920855,T_query_from_candidate: p_query = T_query_from_candidate * p_candidate,7.85191117212014,True,True,130,cluster_representative
robot1,1972,1.722895186696433e+18,robot3,4162.0,1.7228962906329528e+18,3.0,0.7412568926811218,0.0012793540954589844,31.0,-174.0,0.8635200454933182,0.4136809151400716,0.6108309422906499,6.028125209893204,0.05894318489262117,0.03355840325856508,0.005415825777220746,0.02063842014125163,0.9996440523211483,0.016015402092281913,T_query_from_candidate: p_query = T_query_from_candidate * p_candidate,7.847800790023257,True,True,131,cluster_representative
robot1,1976,1.722895188697061e+18,robot3,4154.0,1.7228962866372257e+18,3.0,0.7283045053482056,0.0026404261589050293,31.0,-174.0,0.861022825772898,0.4111804296384768,0.6101436837481364,6.028342397127566,0.061535503803352896,0.034414609682128,0.0054004198590464556,0.02076115814516187,0.9996413567301355,0.01603021186857897,T_query_from_candidate: p_query = T_query_from_candidate * p_candidate,7.849532156988175,True,True,132,cluster_representative
robot1,1979,1.7228951902099497e+18,robot3,4162.0,1.7228962906329528e+18,3.0,0.73736572265625,0.0006880760192871094,31.0,-174.0,0.8618140460619846,0.4110376868504898,0.6107661433094668,6.025638245170423,0.058742915371288076,0.03129727618292063,0.005597957909251938,0.02062442331448978,0.9996431038096844,0.016030004239912566,T_query_from_candidate: p_query = T_query_from_candidate * p_candidate,7.849901665983452,True,True,133,cluster_representative
robot1,1981,1.7228951911973957e+18,robot3,4154.0,1.7228962866372257e+18,3.0,0.7330138087272644,0.0017011761665344238,31.0,-174.0,0.8640566310314938,0.4128328138884344,0.6115774085494342,6.019656739808218,0.061368912243263886,0.03288742376515947,0.005628821909092079,0.02083442692172,0.9996396305623111,0.015964085567463378,T_query_from_candidate: p_query = T_query_from_candidate * p_candidate,7.842549581894218,True,True,134,cluster_representative
robot1,1984,1.7228951926950582e+18,robot3,4162.0,1.7228962906329528e+18,3.0,0.7327650189399719,0.0013107657432556152,31.0,-174.0,0.8616718794427068,0.4103905370049622,0.6109455904834075,6.019272341671865,0.05815966573280466,0.0314584181003947,0.0055555750408571745,0.02072061452218247,0.9996415776522034,0.016015865533975205,T_query_from_candidate: p_query = T_query_from_candidate * p_candidate,7.848237687738788,True,True,135,cluster_representative
robot1,1986,1.7228951937010903e+18,robot3,4154.0,1.7228962866372257e+18,3.0,0.7399287819862366,6.133317947387695e-05,31.0,-174.0,0.8629008956948858,0.4121721524680081,0.6110451152763645,6.027892636566057,0.06042542717328681,0.0341659804278012,0.00537257418442151,0.02100521393905603,0.9996359563850384,0.016058366547594467,T_query_from_candidate: p_query = T_query_from_candidate * p_candidate,7.852832038291581,True,True,136,cluster_representative
robot1,1987,1.72289519420632e+18,robot3,4162.0,1.7228962906329528e+18,3.0,0.7371553182601929,0.0017551779747009277,31.0,-174.0,0.8620983793005402,0.412208538674335,0.6104611009573749,6.02695574506619,0.05531637306560161,0.03258087521674711,0.0055010067452430245,0.020809445533615786,0.9996399863348792,0.016018852074190147,T_query_from_candidate: p_query = T_query_from_candidate * p_candidate,7.848501304886895,True,True,137,cluster_representative
robot1,1993,1.7228951971975818e+18,robot3,4154.0,1.7228962866372257e+18,3.0,0.7297922968864441,0.0010977387428283691,31.0,-174.0,0.861456226524126,0.4108615011006732,0.6105887968819529,6.026429146125767,0.06405030782820105,0.033080463441664626,0.005445144571631054,0.020807810197056312,0.9996410362627615,0.015974481365901648,T_query_from_candidate: p_query = T_query_from_candidate * p_candidate,7.84328125370962,True,True,138,cluster_representative
