query_keyframe_id,valid_overlap_query,positive_count,nearest_positive_distance_m
0,True,226,0.0007656030965284179
1,True,226,0.0002089549923452883
2,True,226,0.00038872930902893226
3,True,226,0.0008412578296405086
4,True,226,0.00016989755346085664
5,True,226,0.0008293056838692488
6,True,226,0.0003992381031386526
7,True,226,0.00013724993900428135
8,True,226,0.0003727460791118071
9,True,226,0.0004082311858734562
10,True,226,0.0003130185724000223
11,True,226,0.0003700657685800982
12,True,226,0.00045965608511680674
13,True,226,0.00019122176687023007
14,True,226,0.00028754960274743834
15,True,226,0.00017090221235775214
16,True,226,0.00039680966746968215
17,True,226,0.0008361997402295613
18,True,226,0.0003130615429187572
19,True,226,0.0006967354526726792
20,True,226,0.0004591965325510756
21,True,226,0.0007817144953817339
22,True,226,5.352304160790797e-05
23,True,226,0.00018652505650537627
24,True,226,0.00022751326915389794
25,True,226,2.585556356690034e-05
26,True,226,0.0002197646662932308
27,True,226,0.0006354644870049776
28,True,226,0.00016853631152227504
29,True,226,0.0005167807844438307
30,True,226,0.00040602582154646244
31,True,226,0.0005568139907048832
32,True,226,0.00016251309707758182
33,True,226,6.351139613851672e-05
34,True,226,0.00020333590079543002
35,True,226,0.0002686799997883492
36,True,226,6.339872210953702e-05
37,True,226,0.0003327617271103149
38,True,226,0.00023172399354658862
39,True,226,0.00011792783609094841
40,True,226,5.373463695140745e-05
41,True,226,0.00034623533613904143
42,True,226,0.0008443903482741688
43,True,226,0.00023939115604925445
44,True,226,0.0003673514872658698
45,True,226,0.0004541811919048514
46,True,226,8.794142588132119e-05
47,True,226,0.00047683237799933225
48,True,226,0.00036678962645760976
49,True,226,0.00022504752712630753
50,True,226,0.0005758408783492446
51,True,226,0.00027606418673969165
52,True,226,7.868160558809633e-05
53,True,226,0.0002198054863213419
54,True,226,5.642930628852431e-05
55,True,226,0.00019462185344377642
56,True,226,0.00030898657397976083
57,True,226,0.0002463064673059787
58,True,226,0.00035454664195131813
59,True,226,9.758010835186644e-05
60,True,226,0.0001088479467588821
61,True,226,0.000368548536994005
62,True,226,7.813732960139566e-05
63,True,226,5.0183601364627634e-05
64,True,226,0.00011233167698272516
65,True,226,0.00013319908333563684
66,True,226,0.0003156082989129332
67,True,226,5.129452209566546e-05
68,True,226,0.00023663926846533758
69,True,226,0.00045298500245877796
70,True,226,8.155632880883503e-05
71,True,226,0.0002972101630091177
72,True,226,0.00037753890328587965
73,True,226,9.629507319887636e-05
74,True,226,0.0002564200622898592
75,True,226,0.000162164165408347
76,True,226,0.00030248891918478103
77,True,226,0.00014912820335291434
78,True,226,1.9237933234321288e-05
79,True,226,0.00014231948530543076
80,True,226,3.3461824390056386e-05
81,True,226,0.000178437353545464
82,True,226,0.0003287361173555095
83,True,226,0.0002693210548269698
84,True,226,0.00011176394683945979
85,True,226,0.00044056808210724317
86,True,226,0.00018187693377211614
87,True,226,0.000326420841924749
88,True,226,0.00029198906303880723
89,True,226,0.0002426606267333292
90,True,226,5.838449765120278e-05
91,True,226,1.6644155676899288e-05
92,True,226,0.00021971468714887402
93,True,226,0.0002874975410083984
94,True,226,7.678337136971066e-05
95,True,226,0.0005504619017397659
96,True,226,0.00033108186188043594
97,True,226,4.6776808664287525e-05
98,True,226,0.0003051966277496801
99,True,226,0.0005365703649954371
100,True,226,4.571138379839936e-05
101,True,226,0.0003237711803330779
102,True,226,0.00022638286747452108
103,True,226,3.3096652312254305e-05
104,True,226,0.00014686289260176997
105,True,226,0.00017720695769426082
106,True,226,0.0004114044961425145
107,True,226,0.0004471993334810068
108,True,226,0.0002349719180794605
109,True,226,0.0013933210206862174
110,True,226,0.004184035934308139
111,True,226,0.004725406361865975
112,True,226,0.003991000065005746
113,True,226,0.004059802680188009
114,True,226,0.005942991361258439
115,True,226,0.006677030787966835
116,True,226,0.008052370279261742
117,True,226,0.009781472482149448
118,True,226,0.012634329371222322
119,True,226,0.017132639276654208
120,True,226,0.01572325498557275
121,True,226,0.02180772301581137
122,True,226,0.0258701751574136
123,True,226,0.04282052590877923
124,True,226,0.0405855876376144
125,True,226,0.028475826091205428
126,True,226,0.02764630303829999
127,True,226,0.08058293383535335
128,True,226,0.14239305848638542
129,True,226,0.19848141699886315
130,True,226,0.19828002170949421
131,True,226,0.19999529187439227
132,True,226,0.1964224406694874
133,True,226,0.1999800370534025
134,True,226,0.19732074616383166
135,True,226,0.19347751185942144
136,True,226,0.1993321262393479
137,True,226,0.19548156924027618
138,True,226,0.19625457545167585
139,True,226,0.2001342428069675
140,True,226,0.2024759640179117
141,True,226,0.2001551729592598
142,True,226,0.19918254761835938
143,True,226,0.20219215868297913
144,True,226,0.20612489491077765
145,True,226,0.20637888151943937
146,True,226,0.20680740663936434
147,True,226,0.20718097133850738
148,True,226,0.2122986382210153
149,True,226,0.20938544429791806
150,True,226,0.21044880352525158
151,True,226,0.21551183422074063
152,True,226,0.21979627756279746
153,True,226,0.21979975515212488
154,True,226,0.22047233375233957
155,True,226,0.22501875473345134
156,True,226,0.22119915756757455
157,True,226,0.22508523733622118
158,True,226,0.227434710736695
159,True,226,0.22505634188634238
160,True,226,0.22914222832156797
161,True,226,0.23083960235991308
162,True,226,0.23382315756025263
163,True,226,0.23926673069359422
164,True,226,0.23941070580464485
165,True,226,0.24077306868171697
166,True,226,0.2441282126534763
167,True,226,0.24574143524229936
168,True,226,0.250151043512593
169,True,226,0.2582817714111003
170,True,225,0.3306063126205715
171,True,225,0.2847869626680076
172,True,225,0.2179797171182892
173,True,225,0.105255281216062
174,True,225,0.046637518029213065
175,True,224,0.14388364744352583
176,True,224,0.27014690120698076
177,True,224,0.4131650803947927
178,True,224,0.4724763398366684
179,True,224,0.5636313750490166
180,True,224,0.6201665786098008
181,True,224,0.6485448285482325
182,True,224,0.7302250340396432
183,True,225,0.6792813234567935
184,True,225,0.6703167514217977
185,True,226,0.5693210144929137
186,True,226,0.4391003036858398
187,True,227,0.30123214108020446
188,True,227,0.23318701796411045
189,True,228,0.09249256438349694
190,True,229,0.09486211109670227
191,True,230,0.26593458986886387
192,True,231,0.4161837507359365
193,True,225,0.596558896922912
194,True,222,0.7053671962901996
195,True,13,0.7273396082524435
196,True,13,0.7100829521686487
197,True,13,0.6792085297412805
198,True,13,0.6622436200270132
199,True,13,0.5668252097676191
200,True,13,0.3368129946284778
201,True,13,0.27251754844446135
202,True,12,0.22565800348269627
203,True,12,0.31782256685496996
204,True,12,0.356541674112697
205,True,12,0.2585816495291586
206,True,13,0.4313686102660046
207,True,13,0.5939219696876059
208,True,13,0.6448974180384729
209,True,13,0.7089685239495462
210,True,12,0.7979803694568789
211,True,12,0.7522711496744362
212,True,13,0.727043621151225
213,True,13,0.7908148259152336
214,True,12,0.8415508134239693
215,True,12,0.9116778790935242
216,True,12,0.9192201832606476
217,True,13,1.001345944166224
218,True,13,1.1239038383069893
219,True,13,1.1761983116999264
220,True,12,1.1282941472846093
221,True,12,1.0518053068961046
222,True,13,0.9544203703848413
223,True,13,0.8873653370784262
224,True,13,0.8989094589655497
225,True,13,0.8928512050537425
226,True,13,0.9163498985292148
227,True,12,1.0437219700660667
228,True,12,1.1389109354251192
229,True,12,1.2645661590046142
230,True,12,1.3657724999554335
231,True,12,1.4503128595346888
232,True,12,1.5430956478502411
233,True,12,1.6186609112920443
234,True,12,1.675280035986869
235,True,12,1.7205248430783584
236,True,12,1.8287902572917336
237,True,11,1.9122775864671633
238,True,11,1.9521049463509825
239,True,12,1.9345406577082536
240,True,12,1.8752117382002789
241,True,12,1.782373927988102
242,True,12,1.6378994083576424
243,True,11,1.426186351839102
244,True,12,1.1761842814125012
245,True,12,0.9614285109134018
246,True,13,0.8248729986159189
247,True,14,0.8194352587628618
248,True,14,0.9393348093183695
249,True,15,0.97947092610519
250,True,15,0.9599218659144593
251,True,16,1.030374867717372
252,True,16,1.0348831683089361
253,True,16,0.9255060928441574
254,True,16,0.9614295727846816
255,True,17,0.89564984943589
256,True,17,0.900026998998826
257,True,16,0.8442750007860299
258,True,17,0.7702071915070885
259,True,18,0.6768056597452181
260,True,18,0.620790183202041
261,True,18,0.6245077526082636
262,True,18,0.5628915018176478
263,True,19,0.5310826125834222
264,True,18,0.44801772817332364
265,True,19,0.3747992901033292
266,True,19,0.41766309481879227
267,True,19,0.2948981020031752
268,True,20,0.36681571004146424
269,True,19,0.3366730495614013
270,True,19,0.2950277539401042
271,True,19,0.26175817169711285
272,True,18,0.28130251197118006
273,True,19,0.2827027704418854
274,True,18,0.29126093325303953
275,True,18,0.38621366409468244
276,True,17,0.35809635668197787
277,True,17,0.3733058577100019
278,True,17,0.4925526665713616
279,True,17,0.638873225402385
280,True,17,0.6857863647387359
281,True,17,0.7050996664653113
282,True,17,0.7384205975129987
283,True,17,0.7391082712018044
284,True,17,0.768790564374094
285,True,16,0.8438833677001271
286,True,17,0.7529650846932952
287,True,17,0.7001750966988581
288,True,17,0.6834501602969928
289,True,16,0.6187388367911874
290,True,17,0.6371072645211794
291,True,19,0.6388154553183483
292,True,20,0.6358944974111447
293,True,20,0.5424325480714601
294,True,20,0.451199104378399
295,True,19,0.5244446327813778
296,True,19,0.6998399106366778
297,True,19,0.7953056075200405
298,True,19,0.71776910811167
299,True,19,0.526387744439151
300,True,19,0.3582497894182806
301,True,19,0.31021352010447373
302,True,19,0.4514453934914779
303,True,18,0.2743424998628863
304,True,18,0.2385473608083784
305,True,17,0.2636381092140796
306,True,15,0.21594165695307982
307,True,14,0.32901544990793413
308,True,13,0.500547141350958
309,True,14,0.6674936407977523
310,True,13,0.787034045053322
311,True,13,0.7837175681418157
312,True,14,0.7296182611904444
313,True,14,0.5925193850590634
314,True,14,0.456779945506225
315,True,15,0.3185836794394944
316,True,15,0.33950523869998117
317,True,15,0.12557163700918708
318,True,16,0.10854991048667434
319,True,16,0.10206397527995548
320,True,16,0.10268803936989199
321,True,21,0.12396799821702643
322,True,23,0.17849001031132197
323,True,26,0.29657639839566563
324,True,27,0.4234212555522833
325,True,28,0.42633679955961823
326,True,28,0.4561411193783533
327,True,29,0.3746130946916685
328,True,29,0.3799655718630695
329,True,29,0.3796961521208082
330,True,29,0.37967979172142147
331,True,29,0.37757029709835005
332,True,29,0.37827718445843317
333,True,29,0.37663124696355693
334,True,29,0.37576303233672814
335,True,29,0.3784229082360099
336,True,29,0.3762494522988122
337,True,29,0.37709501558906133
338,True,29,0.37538559973022395
339,True,29,0.37404246740713387
340,True,29,0.3765251967503644
341,True,29,0.37480036526756644
342,True,29,0.3761329637141171
343,True,29,0.37644375691306947
344,True,29,0.3718653501267526
345,True,29,0.37048603081539083
346,True,29,0.3714773351450253
347,True,29,0.3700148922645876
348,True,29,0.3709936482821208
349,True,29,0.3703423822086247
350,True,29,0.372116181666275
351,True,29,0.3696120744191866
352,True,29,0.37075810565002837
353,True,29,0.36873760357478047
354,True,29,0.3692214880022391
355,True,29,0.3689842371730246
356,True,29,0.370369674786504
357,True,29,0.36885865109122296
358,True,29,0.3674444433919058
359,True,29,0.36904333174572745
360,True,29,0.369542889772622
361,True,29,0.3687884259136686
362,True,29,0.36722017589179523
363,True,29,0.36873864438004755
364,True,29,0.36820696888837084
365,True,29,0.3683012823118175
366,True,29,0.36740859415751215
367,True,29,0.3678401321749978
368,True,29,0.36756075807308886
369,True,29,0.35680111050532326
370,True,30,0.27802459532623347
371,True,30,0.3841311407467927
372,True,30,0.3943652232280157
373,True,30,0.24914395760936067
374,True,31,0.1949013563873556
375,True,30,0.31543487383908875
376,True,32,0.2205455278023458
377,True,32,0.08483623211336865
378,True,32,0.16737997903827706
379,True,32,0.19980161949864148
380,True,33,0.3256673649286088
381,True,31,0.6135667782752884
382,True,29,0.5225276682770754
383,True,26,0.44340809883830856
384,True,21,0.42472413985492696
385,True,15,0.3989834898280056
386,True,13,0.4038912673747686
387,True,12,0.4609010900110448
388,True,12,0.4226722875896876
389,True,12,0.29286946940961145
390,True,13,0.19827022274913095
391,True,12,0.23809441747856933
392,True,12,0.2978723789783481
393,True,12,0.2952542496397853
394,True,12,0.2592304614437358
395,True,12,0.261734219990742
396,True,12,0.3946366064104133
397,True,12,0.32759873794977995
398,True,13,0.31718991876893404
399,True,13,0.28738409053343716
400,True,14,0.16953278184692655
401,True,13,0.19034481822626872
402,True,13,0.40277797937089665
403,True,13,0.28359182997435284
404,True,14,0.35067318878609194
405,True,14,0.35502559078315626
406,True,14,0.36697914189926256
407,True,13,0.4818405929388843
408,True,13,0.5252130477295153
409,True,13,0.4135752507346117
410,True,13,0.5232849642539832
411,True,12,0.4801687320028812
412,True,12,0.36537667750929553
413,True,13,0.4042259347445543
414,True,12,0.5447551701736824
415,True,12,0.5986686723060975
416,True,12,0.48420939911975036
417,True,11,0.49832618937423484
418,True,11,0.5424837156382338
419,True,12,0.5876014480065129
420,True,12,0.5892329410876282
421,True,13,0.6646345998911498
422,True,12,0.6364673059541175
423,True,13,0.5324591275917525
424,True,14,0.5871114254790091
425,True,13,0.4512111565028497
426,True,14,0.4305728922811426
427,True,14,0.4723350960990414
428,True,14,0.4367486523867509
429,True,15,0.3860988724056357
430,True,15,0.255106637661508
431,True,15,0.20380933450439623
432,True,15,0.22683180265240122
433,True,15,0.20284686585884482
434,True,15,0.4825655204526134
435,True,15,0.6692640611850302
436,True,14,0.827880868419043
437,True,14,0.8919617153164177
438,True,14,0.9179411599552514
439,True,14,0.9596932418238625
440,True,13,0.9737312350760822
441,True,13,0.9782873209785422
442,True,13,1.036469754265536
443,True,13,1.0767731589414342
444,True,13,1.0770080442180987
445,True,13,1.1190590577774866
446,True,13,1.1920884839369286
447,True,12,1.2324504371723906
448,True,12,1.227992595003158
449,True,13,1.241004066874054
450,True,12,1.2976510024499655
451,True,12,1.318627657164098
452,True,12,1.3225221546709136
453,True,12,1.3317959100782089
454,True,12,1.3210669721546762
455,True,12,1.2590122113365343
456,True,13,1.1217085405760756
457,True,12,1.0552903172468004
458,True,12,0.9650689860004292
459,True,12,0.8880008255139391
460,True,12,0.8146838080712796
461,True,12,0.7314261196528682
462,True,12,0.644605782149248
463,True,12,0.5646673332107834
464,True,12,0.5863721122500192
465,True,12,0.4998447028991015
466,True,12,0.4088311090893599
467,True,12,0.3487587388776006
468,True,11,0.3095000942995394
469,True,12,0.26717980673837866
470,True,12,0.24661153409014544
471,True,12,0.2326145582250821
472,True,12,0.2779776695794017
473,True,12,0.426796052369963
474,True,12,0.3336396624714395
475,True,12,0.26533189286076325
476,True,12,0.11721478346098377
477,True,12,0.0626110614003546
478,True,12,0.09674571338305954
479,True,12,0.13261325820363043
480,True,12,0.15736423520304285
481,True,12,0.19405390626115956
482,True,13,0.2711658972950468
483,True,13,0.35542964059555426
484,True,13,0.39009136073539646
485,True,13,0.2680589522274488
486,True,13,0.209115411452171
487,True,13,0.19378778260828625
488,True,13,0.23866925221069515
489,True,13,0.30362108689802675
490,True,13,0.318539943042598
491,True,13,0.3063642592067013
492,True,13,0.3310028554083899
493,True,14,0.423491792445481
494,True,13,0.5216313684227356
495,True,13,0.42383848864724954
496,True,13,0.4817593281990094
497,True,15,0.552985674830904
498,True,16,0.5449092679029442
499,True,16,0.502949046405845
500,True,15,0.5497433607191102
501,True,15,0.6603803763440516
502,True,16,0.632730093735531
503,True,16,0.604561588710257
504,True,16,0.6705760459175296
505,True,15,0.6933253943062513
506,True,16,0.7090845287798058
507,True,16,0.7589381472193524
508,True,15,0.8118272562668694
509,True,16,0.7809230589855195
510,True,16,0.8183001408422186
511,True,16,0.9059525047646548
512,True,17,0.850329137253926
513,True,17,0.8596572111053197
514,True,16,0.9102283653560977
515,True,14,0.8978627693078541
516,True,13,0.9092548763519807
517,True,13,0.9860918298454795
518,True,14,1.038656220534143
519,True,13,1.043123527369444
520,True,14,1.057292583484012
521,True,14,1.0734663878544772
522,True,14,1.0791077757643024
523,True,14,1.1556700088243037
524,True,14,1.125479189673029
525,True,14,1.1272220581008132
526,True,15,1.152855019285966
527,True,14,1.2113350132590655
528,True,14,1.1830810011440798
529,True,14,1.180315997513179
530,True,13,1.1757191102992985
531,True,16,1.2096403466377477
532,True,20,1.259477861239399
533,True,21,1.285369669806924
534,True,21,1.4476544375772962
535,True,24,1.611115896660478
536,True,24,1.8013426212612806
537,True,23,1.7317118256847777
538,True,24,1.270612931897223
539,True,24,0.8176343360399547
540,True,24,0.4786461603757712
541,True,23,0.4125040222844857
542,True,23,0.7148909427125547
543,True,22,1.0583555469848274
544,True,22,1.2128936191157398
545,True,21,1.6318033333778479
546,True,19,1.785646879128177
547,True,19,1.7888758250933343
548,True,15,1.913919449610799
549,True,16,1.941635060908678
550,True,16,1.9635657701611662
551,True,15,1.9368146288744976
552,True,16,1.874277105928916
553,True,16,1.7959222957110437
554,True,15,1.6843990399858717
555,True,15,1.5539074860584352
556,True,16,1.4051222104400098
557,True,15,1.2614025820034216
558,True,15,1.1432002956483098
559,True,15,1.018017132235944
560,True,15,0.9483871668101168
561,True,15,0.8004812711716774
562,True,14,0.8005028635385425
563,True,14,0.8547811265659797
564,True,14,0.7883035144394474
565,True,14,0.8000672089749161
566,True,14,0.8536422641453602
567,True,13,0.8391209816320968
568,True,14,0.8588339979810422
569,True,14,0.9114280570601908
570,True,14,0.983327495566859
571,True,14,1.0917026580698819
572,True,14,1.1292788137111036
573,True,14,1.186721768598079
574,True,14,1.222680677978302
575,True,14,1.2295865698618278
576,True,13,1.2441637930031941
577,True,13,1.2335274057515642
578,True,13,1.2436019126407767
579,True,14,1.2395131190781108
580,True,13,1.242272943371821
581,True,14,1.2571127615069184
582,True,13,1.2854899644117463
583,True,14,1.366575998623206
584,True,14,1.3818301236294281
585,True,14,1.4043824025909675
586,True,14,1.4170152223497638
587,True,14,1.4383305550033259
588,True,14,1.4737587055174526
589,True,14,1.4950106564352295
590,True,14,1.5277405913844453
591,True,14,1.443624388565302
592,True,15,1.3377410539925734
593,True,15,1.2570467775468153
594,True,14,1.1910479500501343
595,True,15,1.1022473922975093
596,True,15,1.0855063582633036
597,True,15,1.0932176841103052
598,True,15,1.1116734766105532
599,True,15,1.1449335080175587
600,True,14,1.1702830464046623
601,True,14,1.2254208616458413
602,True,15,1.188727271785206
603,True,15,1.1601359752509817
604,True,15,1.137887895321255
605,True,15,1.1382979665765611
606,True,15,1.1739939156686297
607,True,15,1.1748730507649066
608,True,15,1.2195517136113547
609,True,15,1.2616771505682176
610,True,15,1.2733224445856066
611,True,15,1.3156040140584069
612,True,15,1.2870858670550096
613,True,14,1.222487895971679
614,True,15,1.1587847418852286
615,True,15,1.1022362613306205
616,True,15,1.0637864556052146
617,True,14,1.0421401404691233
618,True,13,1.0244135914484367
619,True,14,1.0386313743396207
620,True,14,1.0603215887334927
621,True,14,1.0803840804915774
622,True,14,1.1153218257057922
623,True,14,1.1450852436468357
624,True,13,1.1655618685306035
625,True,14,1.1934854002797513
626,True,14,1.2068273311655786
627,True,14,1.1944545195602825
628,True,14,1.1862183894951548
629,True,15,1.173315805957035
630,True,15,1.1346813402247637
631,True,15,1.093209873312418
632,True,16,1.053965415445008
633,True,15,1.1074833099092105
634,True,16,1.099620550229149
635,True,16,1.106049109746852
636,True,16,1.1334561599371848
637,True,17,1.097524382534504
638,True,16,1.0902613884329546
639,True,16,1.0644351497008615
640,True,17,1.0179833277772334
641,True,17,1.0260257134767272
642,True,16,1.0328285755961648
643,True,17,0.9662004572028025
644,True,16,0.956113240585296
645,True,17,0.9067505293696402
646,True,16,0.9067880905139594
647,True,17,0.8759099852433299
648,True,17,0.8238208349967081
649,True,17,0.8494086770295954
650,True,17,0.6698303331568058
651,True,17,0.5043260100404556
652,True,18,0.3619281648920082
653,True,18,0.15918638501869864
654,True,18,0.044629600928767686
655,True,19,0.20198395104879727
656,True,18,0.013966283250691689
657,True,18,0.17762995314525704
658,True,23,0.4069944976547314
659,True,25,0.6587414218725692
660,True,26,0.9568579102359285
661,True,26,1.34730081502577
662,True,27,1.8367040533896988
663,True,27,2.078914836650933
664,True,25,1.6279810447312901
665,True,24,1.2866984419659924
666,True,22,1.0245873342374439
667,True,18,0.7452064455764306
668,True,16,0.5530828610447638
669,True,15,0.3431491253925373
670,True,15,0.26631187923758115
671,True,16,0.22209135003602307
672,True,16,0.21736271033527588
673,True,15,0.2736117018768271
674,True,16,0.3797569086774497
675,True,16,0.4250982733622087
676,True,16,0.36318970001930295
677,True,16,0.34546915075645374
678,True,15,0.30986363803744665
679,True,15,0.3248245473766774
680,True,15,0.37323594731824783
681,True,14,0.4461498198963786
682,True,13,0.2941913885244079
683,True,13,0.1590142569200543
684,True,13,0.13549885822354504
685,True,13,0.19346700215639495
686,True,13,0.3290963522226634
687,True,13,0.26609021598312055
688,True,12,0.06419396378362906
689,True,13,0.3478544477769026
690,True,13,0.1991992673914604
691,True,13,0.05664081992815851
692,True,12,0.2680933494083702
693,True,12,0.33853929490908075
694,True,12,0.09156064126765863
695,True,11,0.08644845587093929
696,True,12,0.1496398581636399
697,True,12,0.11536895461460979
698,True,12,0.16613615991229877
699,True,12,0.37576406098822324
700,True,11,0.44440207737222487
701,True,11,0.2606275184301722
702,True,11,0.1462611355235513
703,True,11,0.239968541315439
704,True,11,0.3474015968270279
705,True,11,0.458038848772222
706,True,11,0.2457740339321157
707,True,10,0.25069522329763116
708,True,10,0.4762167646372425
709,True,11,0.3673918996167966
710,True,11,0.2456582096384691
711,True,11,0.30908482816531385
712,True,10,0.4926089398838429
713,True,10,0.4972429909947613
714,True,10,0.38162635160870195
715,True,11,0.3858746081461828
716,True,11,0.49175634447150623
717,True,10,0.608259148891549
718,True,10,0.4550048811112175
719,True,11,0.3850234356195722
720,True,11,0.39089126404794106
721,True,11,0.409115926131339
722,True,11,0.420491986661288
723,True,11,0.4804158184970699
724,True,11,0.6074917382055949
725,True,10,0.5221660658084699
726,True,11,0.47698739457119116
727,True,11,0.4565836346149913
728,True,11,0.4407900485770528
729,True,11,0.4058963473259392
730,True,11,0.4488092767340264
731,True,12,0.5769359065367728
732,True,11,0.5716341107244142
733,True,11,0.42425673248648615
734,True,11,0.3918424412685164
735,True,11,0.4373345973481385
736,True,11,0.4918567886327909
737,True,11,0.524894845322188
738,True,12,0.382642502472808
739,True,11,0.3433484170534866
740,True,11,0.4076998035415594
741,True,12,0.5018737923370332
742,True,12,0.46062712044660803
743,True,11,0.3848483269937919
744,True,12,0.4294770534801679
745,True,12,0.5965096171718279
746,True,11,0.4439967257344488
747,True,11,0.4376764600751127
748,True,12,0.5201725225219344
749,True,11,0.4857639947941827
750,True,11,0.4050654049987707
751,True,11,0.44043285479303984
752,True,12,0.5180255674705191
753,True,12,0.4908377333038857
754,True,11,0.43351458967201884
755,True,12,0.5634201146039097
756,True,12,0.5172506048818124
757,True,11,0.46988566237782253
758,True,11,0.5296703355610168
759,True,12,0.6273672221422122
760,True,12,0.698533495302939
761,True,11,0.6609224450347478
762,True,11,0.5711277470160161
763,True,11,0.66224677838793
764,True,11,0.6338923235249458
765,True,11,0.5513020475963846
766,True,11,0.5165754059119573
767,True,11,0.5891030166572855
768,True,11,0.5871751916651815
769,True,11,0.3770123146948518
770,True,11,0.3121723848906246
771,True,11,0.3671680480043819
772,True,11,0.46248874771519655
773,True,11,0.27169740697743905
774,True,11,0.27456076893756504
775,True,11,0.4044657894638715
776,True,11,0.40721647710092623
777,True,12,0.25811378396008633
778,True,12,0.23241884562629067
779,True,12,0.32334018422812366
780,True,13,0.4891885547416088
781,True,13,0.3924135075662813
782,True,13,0.32460773180840335
783,True,14,0.35787635603545914
784,True,13,0.372372662937353
785,True,13,0.37791693942791676
786,True,13,0.38857761524871065
787,True,14,0.356219603964534
788,True,14,0.3205262528845661
789,True,13,0.4103390453734785
790,True,13,0.37991696330762315
791,True,14,0.29798309443849885
792,True,13,0.2545122822613042
793,True,14,0.44293875039995323
794,True,13,0.25045612850264243
795,True,13,0.21676390712882007
796,True,13,0.2432712473504666
797,True,13,0.3118148980397023
798,True,13,0.3150204678251612
799,True,14,0.2780688317627245
800,True,13,0.20593316809502352
801,True,13,0.04626126986095866
802,True,13,0.1850964156896965
803,True,14,0.3730704723502907
804,True,13,0.20529905983721194
805,True,13,0.13192844676151452
806,True,13,0.08792827879080245
807,True,13,0.15304643714379618
808,True,14,0.3797381201779083
809,True,13,0.22704903453387487
810,True,13,0.16925823886903005
811,True,13,0.2897276010294785
812,True,14,0.3957013071727012
813,True,14,0.3209189505288969
814,True,14,0.17956124540114074
815,True,14,0.3610829455952622
816,True,15,0.2478678728818023
817,True,15,0.14129898663811244
818,True,15,0.15030904293570826
819,True,16,0.18559553946759932
820,True,16,0.23910752060933918
821,True,16,0.27352833313682245
822,True,17,0.20037911791280966
823,True,17,0.1044959424926853
824,True,16,0.09869582303156045
825,True,17,0.18128292958485787
826,True,17,0.23908746492120606
827,True,18,0.3600184090610366
828,True,18,0.24598194335994492
829,True,18,0.29440713381409783
830,True,18,0.2982195830247359
831,True,17,0.25740315161849253
832,True,17,0.30576056520437184
833,True,18,0.3170410544171621
834,True,18,0.3112555170855482
835,True,18,0.3123310584814928
836,True,18,0.3137986013628136
837,True,18,0.3137914106063111
838,True,18,0.34180395228133537
839,True,18,0.36201993398339666
840,True,17,0.2692410641081854
841,True,18,0.2872304738929395
842,True,18,0.11768293668229003
843,True,18,0.13691489213238248
844,True,19,0.27179382052425827
845,True,19,0.357775325678698
846,True,25,0.6787927854465684
847,True,27,1.011145075867577
848,True,28,1.4599900783843571
849,True,31,2.013089703169056
850,True,31,2.753808918195625
851,True,30,3.4031188363903375
852,True,30,3.9325751559837907
853,True,27,4.209688909990206
854,True,28,4.069062682845609
855,True,29,3.7784885861362536
856,True,30,3.372429477142563
857,True,31,3.0094718429731975
858,True,31,2.623008240906068
859,True,30,2.223579170737806
860,True,30,1.6601940196057519
861,True,25,0.8609123055914463
862,True,19,0.2541867718511347
863,True,19,0.26786602224411704
864,True,25,0.4982239997004252
865,True,31,0.6434017025621143
866,True,33,0.5881365908613594
867,True,35,0.5045004492875735
868,True,36,0.50900114031133
869,True,37,0.5961422175465992
870,True,38,0.7600661808437332
871,True,40,0.94105825197652
872,True,41,1.2375772892148056
873,True,41,1.5354433777610248
874,True,42,1.961582296735952
875,True,43,1.8127483658566996
876,True,45,1.6561619739563764
877,True,44,1.5820881893333014
878,True,43,1.4104925363575052
879,True,41,1.2164384297747843
880,True,41,1.058908706816565
881,True,39,0.9544268740060917
882,True,39,0.9241599196794282
883,True,37,0.9986396810805013
884,True,35,0.9500140653481053
885,True,34,0.9149426203295616
886,True,34,0.9137244804600552
887,True,33,0.798198784629753
888,True,33,0.782747290503998
889,True,32,0.7264101294591706
890,True,31,0.7095165554524553
891,True,30,0.7145362407905261
892,True,30,0.747365485575806
893,True,29,0.7444395833079477
894,True,29,0.7492430817310044
895,True,27,0.7708364483232336
896,True,26,0.7353454475444242
897,True,25,0.7410676023376255
898,True,23,0.7608708214373244
899,True,22,0.7994176411912352
900,True,21,0.8348035794196933
901,True,21,0.8420399603860372
902,True,21,0.8052157308915681
903,True,20,0.7649175891624254
904,True,19,0.7834272955428857
905,True,18,0.8028388664199345
906,True,18,0.8094721416514377
907,True,18,0.8238956520297231
908,True,19,0.9106428393388969
909,True,19,0.9205114660388204
910,True,19,0.8822430642561068
911,True,20,0.8547995188264662
912,True,19,0.8329108011738221
913,True,18,0.7530439008893166
914,True,19,0.6960541731644225
915,True,19,0.7214095573038268
916,True,19,0.7833469781988913
917,True,19,0.6410958406334344
918,True,18,0.5447004053189222
919,True,17,0.5067853376131063
920,True,17,0.6304391222934277
921,True,17,0.7271694285029662
922,True,17,0.4934863973718257
923,True,17,0.6523877350795061
924,True,17,0.6388816924038001
925,True,17,0.5500428026858071
926,True,17,0.697326764150709
927,True,17,0.6951896173527732
928,True,18,0.5251606534203701
929,True,18,0.5325521200458793
930,True,18,0.6902051872835998
931,True,18,0.4127247531628449
932,True,18,0.3371470614013468
933,True,18,0.39988819361308287
934,True,18,0.5428154637590377
935,True,18,0.2299666676456924
936,True,18,0.49031192092738285
937,True,18,0.30974199812477865
938,True,17,0.3392396880139347
939,True,19,0.34649143487038525
940,True,17,0.31287074776403795
941,True,19,0.439641813846293
942,True,18,0.29885269039172596
943,True,17,0.36333730281522547
944,True,19,0.4115765654837342
945,True,17,0.1626870676005555
946,True,19,0.27329828850828214
947,True,18,0.3692505237896738
948,True,19,0.1992680964774847
949,True,19,0.4754779998464599
950,True,19,0.05745304157681783
951,True,20,0.5566093452025099
952,True,20,0.056939427006124
953,True,19,0.4545126101596192
954,True,20,0.1627184047542152
955,True,20,0.29266781220211924
956,True,21,0.28383723572360264
957,True,21,0.13437397025074088
958,True,22,0.4511566384245483
959,True,22,0.09954151982051945
960,True,23,0.40402519094633604
961,True,22,0.11684090452417677
962,True,23,0.45359114646739773
963,True,24,0.2392333065713254
964,True,26,0.36062613151770473
965,True,26,0.44779733627117685
966,True,27,0.29675197464379904
967,True,40,0.41842207110455165
968,True,43,0.41347190825534846
969,True,44,0.49883384620524357
970,True,46,0.45182061974825743
971,True,47,0.4961008787044468
972,True,48,0.5055678155020177
973,True,46,0.595618837718098
974,True,48,0.8148596493381156
975,True,48,1.0065400685847063
976,True,50,1.1960631216196722
977,True,49,1.3475863609044927
978,True,49,1.47591454073313
979,True,50,1.653824639353207
980,True,50,1.8363571051488217
981,True,50,1.9474508335162497
982,True,49,2.200974166910266
983,True,47,2.415546377564934
984,True,47,2.4174565779522204
985,True,47,2.5736980701770924
986,True,42,2.8082907134700026
987,True,44,2.716680527089177
988,True,42,2.5951535397825665
989,True,39,2.4788051695766873
990,True,33,2.186003131516036
991,True,29,1.8474740139950523
992,True,27,1.5340303045330344
993,True,26,1.2011918696767903
994,True,26,0.7802935943919747
995,True,25,0.4061058730569568
996,True,25,0.0843912587147358
997,True,25,0.2505561079711834
998,True,24,0.5720573577500175
999,True,23,0.8563851674302995
1000,True,23,0.9322100489119527
1001,True,23,0.9939735173805062
1002,True,24,1.071808316580163
1003,True,23,1.3171257137058145
1004,True,23,1.5628408634807298
1005,True,23,1.7469242363974822
1006,True,23,1.9101071452149883
1007,True,22,1.973782529025812
1008,True,21,2.0134134949630473
1009,True,22,2.064514679485718
1010,True,20,2.057273229434092
1011,True,20,2.001556181859202
1012,True,22,1.9745964983228754
1013,True,21,1.9390305842105235
1014,True,21,1.9157916033420972
1015,True,21,1.902511754923795
1016,True,20,1.8634895116896555
1017,True,20,1.8018606288490266
1018,True,20,1.7509125233479597
1019,True,20,1.7419698888742658
1020,True,20,1.719560348810394
1021,True,20,1.8294721447407194
1022,True,21,1.984812086378711
1023,True,20,2.121903567016463
1024,True,20,2.1381211415290053
1025,True,19,1.7976331075512582
1026,True,19,1.6448402928664951
1027,True,19,1.5847376299738112
1028,True,19,1.6641153271701297
1029,True,19,1.7487246991106307
1030,True,19,1.820388853634829
1031,True,56,1.7906740627026374
1032,True,57,1.6899120301759443
1033,True,58,1.6631272925570582
1034,True,58,1.693911137330221
1035,True,59,1.7332336847185046
1036,True,59,1.4680003825043086
1037,True,59,1.240130524504664
1038,True,59,1.1038141184560089
1039,True,59,0.9315633566219439
1040,True,59,0.7341990166587401
1041,True,23,0.5195345883052946
1042,True,23,0.2588588052859774
1043,True,22,0.049324132445785186
1044,True,21,0.34362546303092156
1045,True,22,0.6383702572636246
1046,True,22,0.9420759414426656
1047,True,22,1.2233271585533234
1048,True,23,1.513780220986852
1049,True,23,1.8232419157838278
1050,True,22,2.0992226309869286
1051,True,23,2.1921091674299693
1052,True,23,2.2221637029805508
1053,True,23,2.3051026438738846
1054,True,24,2.3829220749112734
1055,True,23,2.4179917785427523
1056,True,23,2.413551164887343
1057,True,21,2.46052959769486
1058,True,21,2.526088661012654
1059,True,21,2.562562246354265
1060,True,21,2.612007863261285
1061,True,21,2.67816388234511
1062,True,21,2.751873618374044
1063,True,21,2.792313272417279
1064,True,22,2.8114714419519293
1065,True,22,2.7871297836446582
1066,True,24,2.766635546259235
1067,True,24,2.754168004012069
1068,True,25,2.6370495368965168
1069,True,26,2.5947470660159713
1070,True,28,2.540236691365321
1071,True,29,2.5235741570723973
1072,True,31,2.5138608797014204
1073,True,32,2.5238129281126196
1074,True,33,2.511552788565367
1075,True,33,2.4990432903014814
1076,True,33,2.4566230629162447
1077,True,34,2.357876665409064
1078,True,34,2.304869234947248
1079,True,34,2.27116013379524
1080,True,33,2.2654828894839643
1081,True,32,2.2824001962061833
1082,True,29,2.3082715934732194
1083,True,29,2.3443705590764954
1084,True,28,2.355069441085545
1085,True,25,2.3771385858955827
1086,True,24,2.3925291419021786
1087,True,24,2.427051962482878
1088,True,24,2.48565255847134
1089,True,23,2.4887218198230223
1090,True,24,2.457272113242912
1091,True,24,2.431254638488071
1092,True,23,2.3953350711894603
1093,True,23,2.3590944356125716
1094,True,23,2.3439172278866374
1095,True,24,2.2858376152028392
1096,True,24,2.229037444147292
1097,True,25,2.193792786110816
1098,True,25,2.152553339249617
1099,True,25,2.0991110016044447
1100,True,25,2.0349928537863162
1101,True,26,1.91568816994265
1102,True,26,1.7802050575855002
1103,True,26,1.6686192946173648
1104,True,26,1.64265413269812
1105,True,25,1.6798589903946646
1106,True,26,1.720597245149951
1107,True,24,1.749817737921681
1108,True,25,1.8137992646394403
1109,True,24,1.8089037378626243
1110,True,24,1.8451074050287113
1111,True,24,1.9022966337601777
1112,True,27,1.5187770840674573
1113,True,27,1.6382189597620094
1114,True,25,1.7544446562866376
1115,True,25,1.8030543814055235
1116,True,25,1.7184198492578724
1117,True,25,1.6250826226284236
1118,True,25,1.5042849863745391
1119,True,25,1.3600052636887443
1120,True,26,1.3478512813279708
1121,True,25,1.391643549854392
1122,True,25,1.4400636268605722
1123,True,24,1.4400750813131244
1124,True,23,1.2290940080636743
1125,True,24,0.9365106592677278
1126,True,23,0.4489021519834061
1127,True,24,0.32917856570239235
1128,True,23,0.8849613035967959
1129,True,23,1.647112926126522
1130,True,23,2.271512670305512
1131,True,22,2.6117570124520784
1132,True,20,2.5847765942316956
1133,True,17,2.5163957544284274
1134,True,13,2.5154449374416523
1135,True,13,2.5005108429630285
1136,True,13,2.4427879249764133
1137,True,13,2.399605107577488
1138,True,13,2.3519678804511117
1139,True,13,2.314407860072876
1140,True,12,2.288142654274367
1141,True,12,2.2710651775349624
1142,True,12,2.225525962081414
1143,True,12,2.1682325756271332
1144,True,12,2.1225251748323344
1145,True,15,2.081561649597482
1146,True,15,1.9995946355157692
1147,True,15,1.8868918072494216
1148,True,15,1.7528489464781472
1149,True,15,1.6386762543102908
1150,True,15,1.5578491149330518
1151,True,15,1.4996618664610406
1152,True,16,1.4867495567143707
1153,True,16,1.4401775327077986
1154,True,15,1.4049130667453058
1155,True,15,1.3663920513539594
1156,True,15,1.3305898814829815
1157,True,12,1.3366268714209433
1158,True,12,1.3252804952264656
1159,True,13,1.2851682293403295
1160,True,13,1.238716453673081
1161,True,13,1.1836187569889465
1162,True,13,1.1345788836483388
1163,True,13,1.0361416831840435
1164,True,13,0.9608538956159053
1165,True,13,0.9069021187507225
1166,True,13,0.876537242833509
1167,True,13,0.8472296495471668
1168,True,13,0.8455668738103387
1169,True,12,0.7663342079896767
1170,True,12,0.7074424374784739
1171,True,12,0.6294399921920003
1172,True,12,0.5724706383967064
1173,True,12,0.5220411958697954
1174,True,11,0.5411241182676312
1175,True,12,0.5093815955630483
1176,True,12,0.512953968457996
1177,True,12,0.5159182675192995
1178,True,12,0.586419231873239
1179,True,12,0.5688757815758195
1180,True,12,0.5052679068369793
1181,True,12,0.5078091614011768
1182,True,12,0.5199557409690486
1183,True,12,0.5786830137937338
1184,True,12,0.5814960160012959
1185,True,13,0.47895883167696385
1186,True,12,0.4923841041323749
1187,True,12,0.5280164525589166
1188,True,12,0.4509076691910979
1189,True,12,0.33372052369982247
1190,True,12,0.30108133044665353
1191,True,13,0.19578707341743362
1192,True,12,0.2823398592056515
1193,True,12,0.3600310410861464
1194,True,12,0.259335933792161
1195,True,13,0.08354872196396872
1196,True,12,0.1307242918718779
1197,True,12,0.36622418143657137
1198,True,13,0.19220971425357808
1199,True,13,0.05885255759524487
1200,True,12,0.3929800964490467
1201,True,12,0.20400134989684948
1202,True,13,0.08937970976131909
1203,True,13,0.06795865528407205
1204,True,13,0.1297671838325048
1205,True,12,0.26395659091841356
1206,True,12,0.22408901648316165
1207,True,12,0.2744927280632623
1208,True,12,0.4225747101823542
1209,True,12,0.31026529291566246
1210,True,12,0.2611156748955559
1211,True,13,0.10423324973410804
1212,True,13,0.08170189943234077
1213,True,13,0.09635679139050826
1214,True,13,0.13644769338624999
1215,True,13,0.16104807027069315
1216,True,13,0.1931683506719531
1217,True,13,0.2541398355550265
1218,True,14,0.3546460131274944
1219,True,14,0.31746458159275315
1220,True,14,0.2669354511399865
1221,True,13,0.24689248775637188
1222,True,14,0.2692860836388126
1223,True,14,0.2888634860558521
1224,True,14,0.321097722615044
1225,True,14,0.38884846434769
1226,True,15,0.4385709060215971
1227,True,15,0.5096020098494867
1228,True,15,0.5824914330585257
1229,True,15,0.5365093025533374
1230,True,15,0.5787357882376352
1231,True,15,0.7400731398443144
1232,True,15,0.7675834973211868
1233,True,15,0.8513222011606666
1234,True,15,0.9390043915632037
1235,True,15,1.0287584493796413
1236,True,15,1.0238281454511369
1237,True,15,1.0744306586938068
1238,True,15,1.0966074029630344
1239,True,14,1.096429282189092
1240,True,14,1.1085780082621015
1241,True,14,1.1117062124274117
1242,True,14,1.1707893707067882
1243,True,14,1.154064700551904
1244,True,14,1.1770217029209809
1245,True,14,1.137154131561899
1246,True,14,1.1318145139231155
1247,True,13,1.0656617506887203
1248,True,13,1.0589305087108496
1249,True,13,1.0302625128622238
1250,True,12,0.9680452283924081
1251,True,12,0.8459400188895753
1252,True,12,0.8008198085003002
1253,True,12,0.7535563701645449
1254,True,11,0.559208456913192
1255,True,12,0.5887162040028924
1256,True,12,0.7163690423507492
1257,True,12,0.6725567126217145
1258,True,12,0.6266396847183427
1259,True,11,0.6374619682107425
1260,True,12,0.6630134766738202
1261,True,12,0.6480445666951736
1262,True,12,0.5950901375959884
1263,True,12,0.547489567075525
1264,True,12,0.5245866943866351
1265,True,13,0.5460195279971461
1266,True,13,0.54097802936732
1267,True,13,0.5568429736378249
1268,True,13,0.5363364900466429
1269,True,13,0.5250972985672496
1270,True,13,0.52802766368258
1271,True,14,0.529685415017131
1272,True,14,0.4914658363002726
1273,True,14,0.4611676141616065
1274,True,14,0.402458608359237
1275,True,14,0.3513605673497803
1276,True,13,0.31473492559586824
1277,True,13,0.310720173952377
1278,True,13,0.24075084561667665
1279,True,14,0.1731531478669846
1280,True,13,0.1822875746718705
1281,True,13,0.40662106209705745
1282,True,14,0.11957746345642498
1283,True,13,0.285909546332308
1284,True,13,0.26754857237357993
1285,True,12,0.1793667556473951
1286,True,12,0.47209655380491283
1287,True,12,0.20637840857018838
1288,True,12,0.47402114062621314
1289,True,12,0.3253326795715665
1290,True,12,0.4261588837180679
1291,True,12,0.5265548032540339
1292,True,11,0.507775561515813
1293,True,12,0.5257619558545422
1294,True,12,0.6653181963868822
1295,True,11,0.600111857151834
1296,True,12,0.6464501095241525
1297,True,12,0.6428216979616228
1298,True,12,0.6721072747140383
1299,True,12,0.6914207183814597
1300,True,12,0.6367175940177245
1301,True,13,0.6469122755203175
1302,True,12,0.7180754576968916
1303,True,12,0.649778638341044
1304,True,12,0.5732353053897423
1305,True,13,0.5001821614584584
1306,True,13,0.4309097581146724
1307,True,14,0.3683350125869836
1308,True,18,0.3340766458168597
1309,True,25,0.3873322309048921
1310,True,29,0.6018042419523427
1311,True,31,0.9158264045395242
1312,True,32,1.4512045211134879
1313,True,33,2.131943790476097
1314,True,34,1.9195914482006886
1315,True,34,1.6038737764423223
1316,True,33,1.3268416351969643
1317,True,32,0.9307340066870123
1318,True,26,0.6077039491433815
1319,True,24,0.44582403579963426
1320,True,23,0.2807980821015213
1321,True,23,0.2220387733618769
1322,True,23,0.3572028133618526
1323,True,24,0.34671924736263016
1324,True,22,0.5644113359783233
1325,True,22,0.7109197794695413
1326,True,22,0.7391117462244793
1327,True,23,0.6869493002450285
1328,True,23,0.5743003933083215
1329,True,22,0.489049058898084
1330,True,23,0.4240251662507574
1331,True,24,0.46974655430685514
1332,True,22,0.21534952103343655
1333,True,24,0.2392249607923561
1334,True,23,0.14574342640604956
1335,True,23,0.4309465177962658
1336,True,22,0.7585375863734897
1337,True,22,0.8519668522783581
1338,True,22,1.0747772539323066
1339,True,23,1.321069687761963
1340,True,21,1.4063935179606992
1341,True,23,1.5077366307490079
1342,True,21,1.7412529515231363
1343,True,21,1.836025654608489
1344,True,21,1.8164719193849155
1345,True,21,1.8202200859465778
1346,True,22,1.7087292824107705
1347,True,23,1.5745036694405716
1348,True,22,1.4358933818759716
1349,True,22,1.1401961026218688
1350,True,23,1.065004099998372
1351,True,24,0.978278924943246
1352,True,24,0.8272691974594907
1353,True,24,0.7276435843563087
1354,True,24,0.6419357312415832
1355,True,24,0.5987701846902329
1356,True,24,0.6186848365063077
1357,True,25,0.616271656839464
1358,True,25,0.5239498747118181
1359,True,25,0.4881337338528644
1360,True,25,0.4483839035122254
1361,True,24,0.3906036549933886
1362,True,24,0.3493674505167629
1363,True,24,0.3938147283979317
1364,True,24,0.4003275386233597
1365,True,25,0.24694513879773985
1366,True,25,0.08824472855318892
1367,True,25,0.08383648116167758
1368,True,25,0.21108922945324454
1369,True,25,0.29757222835234154
1370,True,25,0.2866998249181266
1371,True,25,0.32392898168383294
1372,True,25,0.28972255922975176
1373,True,25,0.1246585369025605
1374,True,25,0.09860724554469495
1375,True,26,0.20872802842016314
1376,True,26,0.2705690098204711
1377,True,26,0.2215040109923004
1378,True,25,0.22537037958625336
1379,True,26,0.16240684920027795
1380,True,27,0.24785387461610778
1381,True,27,0.3404317816620797
1382,True,26,0.13033098107083715
1383,True,26,0.06195269168365945
1384,True,26,0.14349741185315038
1385,True,26,0.23843737321910016
1386,True,26,0.23562667980359914
1387,True,26,0.23433735901471722
1388,True,26,0.23158010129814957
1389,True,26,0.19875671447214616
1390,True,26,0.3134771018906047
1391,True,26,0.4497952916048055
1392,True,26,0.4485378770305991
1393,True,25,0.40628709734045476
1394,True,25,0.3023959851025924
1395,True,25,0.3328240351408526
1396,True,25,0.3403410982672723
1397,True,26,0.21292740669752
1398,True,26,0.35635273642010107
1399,True,25,0.5266131596626046
1400,True,25,0.5056593901725029
1401,True,24,0.5752247764078428
1402,True,24,0.6250007718487228
1403,True,25,0.7127346836380604
1404,True,24,0.8020739584611807
1405,True,24,0.9103242898301857
1406,True,24,0.9989156666221215
1407,True,26,1.04186705392239
1408,True,26,1.0491649893792592
1409,True,24,1.0659944981437481
1410,True,24,1.065390343029862
1411,True,26,1.0729062045999698
1412,True,25,0.9100343948817835
1413,True,26,0.7464628664796078
1414,True,26,0.6229889187869537
1415,True,26,0.5688224187381385
1416,True,26,0.40080103703332015
1417,True,27,0.38337899135074843
1418,True,26,0.3192587689771021
1419,True,26,0.1443563140533734
1420,True,27,0.17323519743912635
1421,True,27,0.1423196662933315
1422,True,27,0.1724957121941862
1423,True,28,0.2428687076882437
1424,True,27,0.3830564929369434
1425,True,26,0.1578025953920752
1426,True,26,0.16214949682920388
1427,True,27,0.19596550872269958
1428,True,29,0.27155381279588015
1429,True,30,0.2755561368709715
1430,True,107,0.2650181123339062
1431,True,109,0.2497449361659116
1432,True,111,0.21730272295107483
1433,True,112,0.14153152830401922
1434,True,114,0.1135828011544643
1435,True,115,0.17210521979134694
1436,True,115,0.12327859247705285
1437,True,116,0.2043317474106031
1438,True,116,0.31670816159075665
1439,True,117,0.3481105232747753
1440,True,118,0.25347401482983983
1441,True,119,0.12957970633839067
1442,True,119,0.23137247124487084
1443,True,120,0.1565096226314866
1444,True,119,0.15283699227534972
1445,True,42,0.09695167462613215
1446,True,41,0.1402355112567394
1447,True,40,0.11010184759041843
1448,True,42,0.14017217123161663
1449,True,43,0.1194667797309959
1450,True,44,0.0229070457604477
1451,True,42,0.07130148642813469
1452,True,40,0.2106185709884487
1453,True,39,0.33338794164406965
1454,True,38,0.3857786100264848
1455,True,36,0.2810127208325514
1456,True,34,0.34184777148251283
1457,True,34,0.4594770377579437
1458,True,33,0.43355987773203075
1459,True,32,0.4240073057961426
1460,True,31,0.4428164688716914
1461,True,32,0.4557344544385968
1462,True,29,0.2904972983240587
1463,True,29,0.2673974443760524
1464,True,28,0.3887363910276869
1465,True,28,0.17806937462675346
1466,True,29,0.16782007170534413
1467,True,28,0.3708321907407654
1468,True,26,0.12497010693271317
1469,True,26,0.14840746645394964
1470,True,27,0.36054804198626506
1471,True,26,0.2084680427943342
1472,True,25,0.1890513864562926
1473,True,25,0.22702406666051178
1474,True,24,0.3673449056262799
1475,True,24,0.43856173294875045
1476,True,23,0.46123601947311516
1477,True,23,0.5111102176311239
1478,True,23,0.3873434938319916
1479,True,23,0.3804612076274222
1480,True,23,0.31287917947717225
1481,True,23,0.311706911237749
1482,True,23,0.34348574005670246
1483,True,23,0.4231049311806528
1484,True,22,0.49500968712435384
1485,True,22,0.4062656804728743
1486,True,22,0.3396722552154624
1487,True,23,0.3430721098000301
1488,True,22,0.36490095132545314
1489,True,22,0.42714098744227946
1490,True,22,0.49424727758987136
1491,True,22,0.5535009306466503
1492,True,22,0.5676220894028967
1493,True,22,0.5938971805636711
1494,True,22,0.6763712108586875
1495,True,21,0.6129444671493864
1496,True,22,0.5443358596966306
1497,True,22,0.547363853399949
1498,True,22,0.6542725004841311
1499,True,23,0.5442139142792684
1500,True,24,0.4944608722673887
1501,True,23,0.4747352371126791
1502,True,24,0.4627602454206669
1503,True,24,0.5211583315424227
1504,True,24,0.5900103219955645
1505,True,23,0.4940434959696238
1506,True,24,0.4898901239218616
1507,True,25,0.47258489528708547
1508,True,24,0.5076552855938037
1509,True,24,0.5546480923735421
1510,True,24,0.6126222626088644
1511,True,25,0.5618922504759497
1512,True,24,0.5576578947827323
1513,True,24,0.5858048248207754
1514,True,23,0.6928279465101179
1515,True,23,0.7020069323932687
1516,True,23,0.6818699501811085
1517,True,23,0.696491015473399
1518,True,21,0.741301258652244
1519,True,21,0.7959819304834224
1520,True,21,0.8467301308528445
1521,True,22,0.7691411409176602
1522,True,22,0.7407053203911192
1523,True,21,0.7540054409756567
1524,True,21,0.8034550421240849
1525,True,21,0.8419723157522355
1526,True,21,0.8095563939389567
1527,True,21,0.7598712025903346
1528,True,22,0.7566398380995637
1529,True,22,0.7680479622846509
1530,True,21,0.788680564143234
1531,True,21,0.8131400795982804
1532,True,21,0.8418570407652648
1533,True,21,0.8694211196729196
1534,True,21,0.9007526818413456
1535,True,21,0.9516996950323857
1536,True,20,1.053861296381214
1537,True,21,1.1294985758071294
1538,True,21,1.165252771264918
1539,True,21,1.0997065155199126
1540,True,21,1.0235012099860417
1541,True,22,0.9462363326603723
1542,True,21,0.8740620187901922
1543,True,21,0.8351753079668299
1544,True,21,0.8886661609804369
1545,True,22,0.8011232819585355
1546,True,21,0.8652083114675362
1547,True,21,0.885453718130616
1548,True,23,0.886537791295591
1549,True,23,0.885264725906373
1550,True,23,0.8659943933237185
1551,True,22,0.8101865248910355
1552,True,23,0.7494694136874991
1553,True,23,0.6893239417322428
1554,True,23,0.6164240005454585
1555,True,23,0.5189302766716021
1556,True,22,0.412531555063893
1557,True,23,0.4528290439746865
1558,True,23,0.5477738273513258
1559,True,22,0.444573757432593
1560,True,23,0.34764300206611737
1561,True,23,0.31937992291407374
1562,True,23,0.2945001694523855
1563,True,22,0.38512304414634113
1564,True,23,0.47269358830667413
1565,True,22,0.38633430736346397
1566,True,23,0.3175073520812092
1567,True,24,0.27960287432600356
1568,True,24,0.32287390146722317
1569,True,24,0.42665209453760783
1570,True,23,0.29987744726590077
1571,True,24,0.22053913887843948
1572,True,24,0.28800080262474814
1573,True,24,0.34089746212983
1574,True,24,0.37725738314885215
1575,True,24,0.18659855050023194
1576,True,24,0.26866300682064354
1577,True,24,0.2919887758176865
1578,True,25,0.30410034475555825
1579,True,24,0.41287644966115933
1580,True,24,0.3391985701637718
1581,True,24,0.319002777702949
1582,True,24,0.33320442439744596
1583,True,24,0.3817783458591286
1584,True,25,0.5535282944163582
1585,True,25,0.4436242388687838
1586,True,24,0.46899180697840676
1587,True,24,0.5192065360653639
1588,True,24,0.6074794323508934
1589,True,24,0.7276781145170126
1590,True,23,0.707868421787252
1591,True,23,0.7113869948935884
1592,True,24,0.7105525530648797
1593,True,24,0.7070689954060578
1594,True,25,0.6745089768917455
1595,True,24,0.4785758201289017
1596,True,23,0.4477680072864154
1597,True,25,0.4650448480810989
1598,True,25,0.23579070000339059
1599,True,25,0.15011260175607472
1600,True,25,0.1958441857962014
1601,True,25,0.28999407881672623
1602,True,25,0.3969439223701476
1603,True,26,0.3770869117704071
1604,True,26,0.38530487203801644
1605,True,26,0.36792041160570327
1606,True,27,0.2837471118142308
1607,True,28,0.13712817236615812
1608,True,29,0.09026307846496649
1609,True,29,0.18818820112115967
1610,True,29,0.3331221350973688
1611,True,28,0.5414999383039063
1612,True,27,0.5498873575489995
1613,True,26,0.648292485708705
1614,True,26,0.781935643152099
1615,True,25,0.8086664787341227
1616,True,23,0.7387165733501997
1617,True,21,0.6520892413323548
1618,True,15,0.5730996084277455
1619,True,15,0.5250472267287876
1620,True,15,0.5217867766899842
1621,True,15,0.4221761901864168
1622,True,15,0.4245170975624675
1623,True,15,0.3847843307282383
1624,True,15,0.3731040155340622
1625,True,15,0.37780790573881484
1626,True,15,0.4194431428667068
1627,True,15,0.47232442741292086
1628,True,14,0.5290467893903861
1629,True,14,0.6082277921241314
1630,True,14,0.6855620734418686
1631,True,13,0.7419838722113055
1632,True,13,0.7442306256588207
1633,True,13,0.7656028155091269
1634,True,13,0.7888712809539489
1635,True,13,0.863947948688194
1636,True,13,0.837399202109102
1637,True,13,0.8751769411068188
1638,True,12,0.8590924479890059
1639,True,12,0.79578412598232
1640,True,12,0.7693387578933218
1641,True,11,0.7630915628577462
1642,True,11,0.7586173965263714
1643,True,11,0.7316713910184135
1644,True,11,0.6623650467595756
1645,True,11,0.6174942942354387
1646,True,12,0.619954864087002
1647,True,10,0.6326940286009287
1648,True,10,0.6165583611331286
1649,True,11,0.7109698915088211
1650,True,11,0.5752733159140633
1651,True,10,0.48525534379673985
1652,True,10,0.6102795911505626
1653,True,10,0.5842843358714709
1654,True,10,0.4819567785475752
1655,True,10,0.4488740542173907
1656,True,11,0.4637305658111962
1657,True,10,0.5908298078274228
1658,True,10,0.6759143128730045
1659,True,10,0.6522777078216023
1660,True,11,0.5927883445655054
1661,True,11,0.6136765851280808
1662,True,10,0.7140815744251738
1663,True,10,0.7363100247523675
1664,True,10,0.6169133008182014
1665,True,11,0.5866778219242355
1666,True,11,0.5455069590687636
1667,True,11,0.5505551054047354
1668,True,11,0.5962293176628815
1669,True,11,0.7107043134279646
1670,True,11,0.6250799833706915
1671,True,11,0.5839962724013195
1672,True,11,0.6000734177849064
1673,True,11,0.5996632317605082
1674,True,11,0.5331093238613848
1675,True,11,0.6117504918949404
1676,True,11,0.5471903789390867
1677,True,11,0.3765130151484219
1678,True,11,0.25321699112500456
1679,True,11,0.111431003617491
1680,True,11,0.04954543129929166
1681,True,12,0.2274908156066553
1682,True,12,0.36104456856512296
1683,True,12,0.35698551441907145
1684,True,12,0.3153214723634734
1685,True,12,0.16008256018033576
1686,True,11,0.1219082669277492
1687,True,11,0.06906089047532397
1688,True,11,0.07413231251040758
1689,True,11,0.10829430404668738
1690,True,11,0.15740311291651413
1691,True,12,0.1959718309516224
1692,True,11,0.11325053138653764
1693,True,11,0.16206364821137811
1694,True,11,0.2212377426935292
1695,True,11,0.2698540103444969
1696,True,11,0.3541176228488688
1697,True,11,0.43679345602914355
1698,True,12,0.5071303928405705
1699,True,11,0.5699248784038164
1700,True,11,0.49980713113573433
1701,True,12,0.4813021724698096
1702,True,11,0.5726315904283386
1703,True,11,0.5396844700775296
1704,True,11,0.4387152131878117
1705,True,10,0.568098276425776
1706,True,11,0.46000550192903444
1707,True,11,0.34487257170573854
1708,True,11,0.3771200773929048
1709,True,11,0.5045442702219589
1710,True,10,0.45073094448773293
1711,True,11,0.3505928302698146
1712,True,11,0.3705588802969969
1713,True,11,0.5374467333235562
1714,True,12,0.3772440870339192
1715,True,12,0.4217224547910825
1716,True,13,0.5453629497269152
1717,True,12,0.4519168044546003
1718,True,12,0.5102742124507856
1719,True,13,0.507925034569558
1720,True,13,0.4957391558720437
1721,True,13,0.612496045434624
1722,True,13,0.5659928275700083
1723,True,14,0.5764355542103513
1724,True,13,0.5919660496034954
1725,True,14,0.7056983180957834
1726,True,13,0.5751510683778475
1727,True,13,0.5658565314274336
1728,True,13,0.6109176221290853
1729,True,13,0.5476665572175923
1730,True,14,0.5346937849831302
1731,True,13,0.6641373128735203
1732,True,14,0.5421704964670246
1733,True,14,0.6221491392432451
1734,True,13,0.597099016331296
1735,True,13,0.5644618899802536
1736,True,14,0.6445898013201883
1737,True,13,0.5960833069479983
1738,True,13,0.589688972649038
1739,True,13,0.6404023159166092
1740,True,13,0.6109981080057756
1741,True,13,0.5681541076641837
1742,True,13,0.616117955453471
1743,True,13,0.5487938997972863
1744,True,13,0.5027169593505699
1745,True,13,0.5570731282807487
1746,True,13,0.5467845673773639
1747,True,13,0.4593504714061225
1748,True,13,0.45783189825298387
1749,True,13,0.45761139619904134
1750,True,13,0.44638278705832707
1751,True,13,0.45732742835010154
1752,True,14,0.5404250798288379
1753,True,14,0.5184710406534402
1754,True,14,0.4537633974684006
1755,True,14,0.46169093824946117
1756,True,14,0.46616808226921086
1757,True,14,0.5052324969395386
1758,True,15,0.557945690210689
1759,True,15,0.5000630938738094
1760,True,15,0.499096075770044
1761,True,15,0.5396138626856068
1762,True,16,0.5660186943777015
1763,True,16,0.5115951061649907
1764,True,16,0.5144284500165116
1765,True,16,0.5127803762522815
1766,True,16,0.5120506747373504
1767,True,16,0.5122525775241352
1768,True,16,0.5081536116066642
1769,True,16,0.5114770468522372
1770,True,16,0.5150494630718458
1771,True,16,0.5162978029671178
1772,True,16,0.5114949429765101
1773,True,16,0.5122727232278043
1774,True,16,0.5122977616811926
1775,True,16,0.5054896485409883
1776,True,16,0.5707269331932907
1777,True,17,0.5632956679908319
1778,True,17,0.5167762832889949
1779,True,17,0.565683004067432
1780,True,17,0.559484551194407
1781,True,17,0.5648673225184672
1782,True,16,0.556840700462546
1783,True,17,0.5582155808910925
1784,True,17,0.5251611230992448
1785,True,17,0.4964426390186042
1786,True,17,0.45293355738991226
1787,True,18,0.35106288092642435
1788,True,18,0.06377213803439344
1789,True,18,0.46962404417231474
1790,True,17,0.6067947462215106
1791,True,25,0.9261756527955346
1792,True,30,1.3664788918184743
1793,True,30,1.9225948584655452
1794,True,31,2.529075823714627
1795,True,30,2.0203110799150363
1796,True,28,1.5309004339066667
1797,True,24,1.0695507149282728
1798,True,16,0.83105323005808
1799,True,16,0.5649101512836648
1800,True,14,0.4620967857162675
1801,True,13,0.4274003765720079
1802,True,13,0.4195384311042438
1803,True,12,0.5808872270140539
1804,True,11,0.4664605048725273
1805,True,12,0.3844677887300418
1806,True,11,0.35177397057280896
1807,True,12,0.40881773899447393
1808,True,12,0.5320834778616853
1809,True,11,0.5774991956702156
1810,True,11,0.4553905117305949
1811,True,11,0.3547687722239428
1812,True,11,0.36074194379710545
1813,True,10,0.48203316700761867
1814,True,11,0.4099351717680878
1815,True,11,0.25870201851192787
1816,True,11,0.22410652951209384
1817,True,11,0.3533547334078241
1818,True,11,0.45691408893412755
1819,True,12,0.28192659636939205
1820,True,11,0.23240815556454572
1821,True,11,0.2681164925072955
1822,True,11,0.300735629073867
1823,True,10,0.38946673818782357
1824,True,11,0.45901641464685927
1825,True,11,0.38358738145266025
1826,True,11,0.48363742615708233
1827,True,11,0.2425530000638482
1828,True,11,0.535371975697344
1829,True,11,0.3190788392377325
1830,True,11,0.23864808990026815
1831,True,11,0.20810652928562512
1832,True,10,0.4175076344712574
1833,True,10,0.48074609235910987
1834,True,10,0.4675515262781143
1835,True,11,0.5632557002302325
1836,True,11,0.4880721775682175
1837,True,11,0.5144840257248279
1838,True,11,0.5914431677673646
1839,True,11,0.8221602469748314
1840,True,10,0.8721193569422206
1841,True,10,0.8846016129481145
1842,True,10,1.152979058330202
1843,True,10,1.4821896124930896
1844,True,10,1.8427765069628113
1845,True,10,2.4116556841005297
1846,True,8,2.9688337306545716
1847,True,7,3.598617497683401
1848,True,6,4.159241995815277
1849,True,5,4.432526065017618
1850,True,3,4.751289321868591
1851,False,0,
1852,False,0,
1853,False,0,
1854,False,0,
1855,False,0,
1856,False,0,
1857,False,0,
1858,False,0,
1859,False,0,
1860,False,0,
1861,False,0,
1862,False,0,
1863,False,0,
1864,False,0,
1865,False,0,
1866,False,0,
1867,False,0,
1868,False,0,
1869,False,0,
1870,False,0,
1871,False,0,
1872,False,0,
1873,False,0,
1874,False,0,
1875,False,0,
1876,False,0,
1877,False,0,
1878,False,0,
1879,False,0,
1880,False,0,
1881,False,0,
1882,False,0,
1883,False,0,
1884,False,0,
1885,False,0,
1886,False,0,
1887,False,0,
1888,False,0,
1889,False,0,
1890,False,0,
1891,False,0,
1892,False,0,
1893,False,0,
1894,False,0,
1895,False,0,
1896,False,0,
1897,False,0,
1898,False,0,
1899,False,0,
1900,False,0,
1901,False,0,
1902,False,0,
1903,False,0,
1904,False,0,
1905,False,0,
1906,False,0,
1907,False,0,
1908,False,0,
1909,False,0,
1910,False,0,
1911,False,0,
1912,False,0,
1913,False,0,
1914,False,0,
1915,False,0,
1916,False,0,
1917,False,0,
1918,False,0,
1919,False,0,
1920,False,0,
1921,False,0,
1922,False,0,
1923,False,0,
1924,False,0,
1925,False,0,
1926,False,0,
1927,False,0,
1928,False,0,
1929,False,0,
1930,False,0,
1931,False,0,
1932,False,0,
1933,False,0,
1934,False,0,
1935,False,0,
1936,False,0,
1937,False,0,
1938,False,0,
1939,False,0,
1940,False,0,
1941,False,0,
1942,False,0,
1943,False,0,
1944,True,54,4.833092702522408
1945,True,54,4.896054258472901
1946,True,54,4.89573580488082
1947,True,54,4.8928987424745225
1948,True,54,4.894602289111819
1949,True,54,4.895361614880524
1950,True,54,4.894549827171195
1951,True,54,4.8695090291899215
1952,True,55,4.648427535578303
1953,True,56,4.479517180131603
1954,True,55,4.5123802219642215
1955,True,57,4.360926321981371
1956,True,58,4.204751542435604
1957,True,58,4.233527077601251
1958,True,58,4.229465452039481
1959,True,58,4.230897560662909
1960,True,58,4.230464472789291
1961,True,58,4.230002252303578
1962,True,58,4.229354811560297
1963,True,58,4.230279369017067
1964,True,58,4.2298171748577715
1965,True,58,4.2284981034434015
1966,True,58,4.228391334852086
1967,True,58,4.227554208499263
1968,True,58,4.22969561978626
1969,True,58,4.227548686048284
1970,True,58,4.227506024007773
1971,True,58,4.228769281799008
1972,True,58,4.227595396139754
1973,True,58,4.2297271201852285
1974,True,58,4.2290949541763645
1975,True,58,4.2288586565804085
1976,True,58,4.226656460166465
1977,True,58,4.226550140227616
1978,True,58,4.2261075393413385
1979,True,58,4.225127869182909
1980,True,58,4.229736714854606
1981,True,58,4.2288494417790075
1982,True,58,4.227210849907729
1983,True,58,4.227662284645
1984,True,58,4.227754071292481
1985,True,58,4.227563656354719
1986,True,58,4.227667979310531
1987,True,58,4.2280353746399415
1988,True,58,4.226840528378077
1989,True,58,4.226521618429322
1990,True,58,4.225054628440408
1991,True,58,4.227220496559932
1992,True,58,4.22503982599174
1993,True,58,4.224144141233459
1994,True,58,4.22559685405491
1995,True,58,4.225520903798844
1996,True,58,4.2266277873247216
1997,True,58,4.226216314130808
1998,True,58,4.223836578944379
1999,True,58,4.226729959697987
