K,arrival_index,frozen_loop_id,query_keyframe_id,candidate_keyframe_id,translation_residual_m,rotation_residual_deg,diagnostic_whitened_residual,diagnostic_reconstructed_huber_weight,membership
1,1,45,283,252,7.53644380168212e-15,6.388642927829206e-15,7.643989502497039e-15,1.0,INSERTED
1,2,46,378,2930,12.640977156419124,79.43125334623471,20.301902959950798,0.06624994724155944,NOT_YET_INSERTED_OFFLINE
1,3,47,454,3012,10.24315437181114,44.02203809905472,13.50702798622031,0.0995777902712685,NOT_YET_INSERTED_OFFLINE
1,4,48,482,3043,10.634116159405494,40.540417542944176,13.372563130304501,0.10057907275472129,NOT_YET_INSERTED_OFFLINE
1,5,49,512,3072,11.748463904918564,39.70856652942218,14.180874950370173,0.09484605179209274,NOT_YET_INSERTED_OFFLINE
1,6,50,547,3613,13.148212868054856,77.13135210535624,20.26931969079626,0.06635644513568591,NOT_YET_INSERTED_OFFLINE
1,7,51,575,2550,17.43104411950469,58.76720968290636,21.023432080721417,0.06397623351105318,NOT_YET_INSERTED_OFFLINE
1,8,52,632,3535,40.96129489737908,67.07049068769325,43.10180632541484,0.03120518870706644,NOT_YET_INSERTED_OFFLINE
1,9,53,635,2615,43.99392306914141,44.401107799531914,44.881216582959944,0.02996799334781527,NOT_YET_INSERTED_OFFLINE
1,10,54,638,3529,44.85430933393765,66.74498625299371,46.79855546297406,0.028740203339484124,NOT_YET_INSERTED_OFFLINE
1,11,55,639,2620,45.57532014762024,47.143571947609004,46.54041750561822,0.02889961182315641,NOT_YET_INSERTED_OFFLINE
1,12,56,643,3525,47.44738903666435,63.59106993229867,49.12237467185352,0.02738059812834471,NOT_YET_INSERTED_OFFLINE
1,13,57,644,2625,47.882251378966686,45.5031234745221,48.73942312908578,0.027595730799640027,NOT_YET_INSERTED_OFFLINE
1,14,58,645,3522,48.73746137755641,62.1758231666463,50.29884154716493,0.026740178473868056,NOT_YET_INSERTED_OFFLINE
1,15,59,646,2628,49.315046352532015,45.27925850071025,50.139627509260045,0.026825089591094357,NOT_YET_INSERTED_OFFLINE
1,16,60,653,3513,52.148643158901805,41.727728838411636,52.81220614095719,0.025467597327976776,NOT_YET_INSERTED_OFFLINE
1,17,61,659,2646,55.360510061961214,56.14404802147586,56.48780611291273,0.023810448529572866,NOT_YET_INSERTED_OFFLINE
1,18,62,660,3504,54.848173864716195,47.63690252602896,55.66949932939142,0.024160447214402917,NOT_YET_INSERTED_OFFLINE
1,19,63,661,2646,55.064404282688244,54.52969845955891,56.13401944962567,0.023960514732193638,NOT_YET_INSERTED_OFFLINE
1,20,64,664,3500,55.695926296319826,46.50210699624611,56.46710586003769,0.023819177192006033,NOT_YET_INSERTED_OFFLINE
1,21,65,702,3464,55.59956105947073,29.54399484828961,55.91265594898568,0.02405537667942601,NOT_YET_INSERTED_OFFLINE
1,22,66,746,3426,53.301520545987465,3.203802502205788,53.30537183561569,0.02523197857333669,NOT_YET_INSERTED_OFFLINE
1,23,67,762,3413,52.51128328585864,8.796473678975303,52.54074600055745,0.025599179729685027,NOT_YET_INSERTED_OFFLINE
1,24,68,779,3399,51.75488209605224,26.512624284062834,52.02580696763275,0.02585255430707257,NOT_YET_INSERTED_OFFLINE
1,25,69,816,3369,50.63353098596837,23.711123329407155,50.855119259409015,0.02644768156258238,NOT_YET_INSERTED_OFFLINE
1,26,70,827,3360,50.86807041924748,7.335308646958108,50.88922143534293,0.026429958291047616,NOT_YET_INSERTED_OFFLINE
1,27,71,843,3358,49.70137751296412,4.97987767813428,49.71135578470721,0.02705619226771853,NOT_YET_INSERTED_OFFLINE
1,28,72,863,3358,49.48567772887328,22.175177907018412,49.684019975181364,0.027071078400497127,NOT_YET_INSERTED_OFFLINE
1,29,73,878,3347,48.749381224129664,35.3946461717116,49.26066796989615,0.027303730449249032,NOT_YET_INSERTED_OFFLINE
1,30,74,905,3802,34.708581310569976,16.856605490628485,34.87192886175232,0.03856970474252147,NOT_YET_INSERTED_OFFLINE
1,31,75,931,3276,28.662036688360786,10.258816292827532,28.73538027578788,0.046806410323836305,NOT_YET_INSERTED_OFFLINE
1,32,76,934,3779,28.58202644980536,11.181801201634796,28.669383374985383,0.046914158648195405,NOT_YET_INSERTED_OFFLINE
1,33,77,936,3271,27.88736904416149,7.788723070849146,27.93084174328142,0.048154653281207715,NOT_YET_INSERTED_OFFLINE
1,34,78,946,3771,27.43946280002023,10.141012804356949,27.514318533840143,0.048883638471575105,NOT_YET_INSERTED_OFFLINE
1,35,79,954,3261,27.595047953815687,8.143964913198113,27.64307577231021,0.048655945925788514,NOT_YET_INSERTED_OFFLINE
1,36,80,959,3764,27.12336783412906,11.312693188131266,27.217570864282113,0.04941660689363931,NOT_YET_INSERTED_OFFLINE
1,37,81,973,3248,27.941748260279905,8.288424532766236,27.990877354778817,0.04805136984283814,NOT_YET_INSERTED_OFFLINE
1,38,82,993,3742,26.75382625254323,9.450410369974986,26.820507627517205,0.05014819326611335,NOT_YET_INSERTED_OFFLINE
1,39,83,1002,3218,26.12170193346878,0.7770312968591245,26.122164209851345,0.05148884254746265,NOT_YET_INSERTED_OFFLINE
1,40,84,1014,3199,24.68692842080211,18.496854061151172,24.96256756145465,0.05388067540283193,NOT_YET_INSERTED_OFFLINE
1,41,85,1036,3174,22.13836981299443,20.640894422514698,22.519975108320146,0.059724755179817283,NOT_YET_INSERTED_OFFLINE
1,42,86,1037,3686,21.85547791869269,22.07986912866668,22.297146451598366,0.06032162020910008,NOT_YET_INSERTED_OFFLINE
1,43,87,1041,3168,21.456555948327132,24.020187451759117,21.98778227499077,0.06117033465124961,NOT_YET_INSERTED_OFFLINE
1,44,88,1052,3672,20.038211348690705,29.258950118789016,20.87518528149986,0.06443056585428128,NOT_YET_INSERTED_OFFLINE
1,45,89,1067,2481,18.737551468090327,63.05673988306633,22.58632180782346,0.05954931535306994,NOT_YET_INSERTED_OFFLINE
1,46,90,1082,2493,16.949698022402735,54.31001971994895,20.131452822136136,0.06681087608943281,NOT_YET_INSERTED_OFFLINE
1,47,91,1083,3130,17.272592878560967,26.360616215935234,18.05928426709841,0.0744769272196689,NOT_YET_INSERTED_OFFLINE
1,48,92,1087,3645,16.599708056905584,43.75100146550207,18.764762528310097,0.07167689961281525,NOT_YET_INSERTED_OFFLINE
1,49,93,1090,3124,16.626789874329027,26.749093230479858,17.466273245063082,0.07700555127752683,NOT_YET_INSERTED_OFFLINE
1,50,94,1120,2528,14.051028760721541,50.977140282663456,17.36024661375978,0.07747585791402002,NOT_YET_INSERTED_OFFLINE
1,51,95,1134,3082,12.35804240263353,18.17710389844787,12.881672883235588,0.1044119045865855,NOT_YET_INSERTED_OFFLINE
1,52,96,1144,3073,12.338335407012396,24.515112302742274,13.27682755271674,0.10130432098026176,NOT_YET_INSERTED_OFFLINE
1,53,97,1169,3041,11.0673241902691,30.068697316101634,12.595663025978785,0.10678278683908206,NOT_YET_INSERTED_OFFLINE
1,54,98,1191,3019,11.052252744232838,36.97687816469711,13.298265731841745,0.10114100794207276,NOT_YET_INSERTED_OFFLINE
1,55,99,1308,2933,13.471560205174537,66.79738284142184,18.97257358768655,0.07089180567853602,NOT_YET_INSERTED_OFFLINE
1,56,100,1327,2908,19.489022514555806,65.43192108534501,23.474996282206646,0.0572950037491367,NOT_YET_INSERTED_OFFLINE
1,57,101,1373,2865,37.049731118699725,59.60570681629616,38.92038267246041,0.034557728050081726,NOT_YET_INSERTED_OFFLINE
1,58,102,1424,2819,56.49911730843961,82.35009082931059,58.85075832150889,0.022854420883620573,NOT_YET_INSERTED_OFFLINE
1,59,103,1444,2798,65.29891667507677,31.422177195247937,65.600629933913,0.020502851898754205,NOT_YET_INSERTED_OFFLINE
1,60,104,1489,2755,68.10116538817333,2.5493971918770506,68.10307411761245,0.0197494755916189,NOT_YET_INSERTED_OFFLINE
1,61,105,1579,2678,58.90583383014626,66.79134468262403,60.40149508253357,0.02226766072863214,NOT_YET_INSERTED_OFFLINE
1,62,106,1606,2654,56.48965129784453,71.93754453115217,58.29306233402847,0.023073071582565642,NOT_YET_INSERTED_OFFLINE
1,63,107,1619,3494,57.42040888831545,39.543989649984645,57.96250893119499,0.023204654608664308,NOT_YET_INSERTED_OFFLINE
1,64,108,1650,3461,55.285101330550376,28.864308059350503,55.585684850679186,0.024196877372530307,NOT_YET_INSERTED_OFFLINE
1,65,109,1656,3454,56.199335303060536,27.6405588601037,56.47057028461622,0.02381771590442759,NOT_YET_INSERTED_OFFLINE
1,66,110,1661,3451,54.280992665662765,28.33781313850783,54.57607013067774,0.0246445007267748,NOT_YET_INSERTED_OFFLINE
1,67,111,1694,3417,52.93886266520168,1.0227227115113227,52.93925782210089,0.02540647631517218,NOT_YET_INSERTED_OFFLINE
1,68,112,1716,3399,52.01962643908891,26.21707911474112,52.28321857302496,0.025725271639912776,NOT_YET_INSERTED_OFFLINE
1,69,113,1744,3382,51.18609638817755,24.635539220508708,51.42268813633932,0.026155769928517546,NOT_YET_INSERTED_OFFLINE
1,70,114,1748,3379,50.648835258546185,26.55410203976951,50.92650907388892,0.026410606665549147,NOT_YET_INSERTED_OFFLINE
1,71,115,1763,3365,50.87911441535196,19.766853950558534,51.032474212941935,0.02635576700411883,NOT_YET_INSERTED_OFFLINE
1,72,116,1776,3365,50.366282117538695,13.559146421498456,50.43923465330024,0.026665749574612086,NOT_YET_INSERTED_OFFLINE
1,73,117,1789,3358,49.85273379685397,8.359380229028428,49.88076018398802,0.02696430437384857,NOT_YET_INSERTED_OFFLINE
1,74,118,1806,3863,49.63963362694067,56.48655939409482,50.908962691300275,0.026419709396865085,NOT_YET_INSERTED_OFFLINE
1,75,119,1967,4176,35.69123178574273,58.03896182396694,37.53138513254964,0.03583667363327684,NOT_YET_INSERTED_OFFLINE
2,1,45,283,252,0.0005441042461629768,0.05036013357418443,0.010086712624789133,1.0,INSERTED
2,2,46,378,2930,0.0005441003289165335,0.05539711050757354,0.011092774191853885,1.0,INSERTED
2,3,47,454,3012,11.711907402271285,35.35873353516466,13.681314866920067,0.09830926435675155,NOT_YET_INSERTED_OFFLINE
2,4,48,482,3043,16.575462797279634,38.84036001864789,18.30543388175021,0.0734754504421177,NOT_YET_INSERTED_OFFLINE
2,5,49,512,3072,20.04219666256294,39.671289269354,21.555558326161712,0.06239689919641702,NOT_YET_INSERTED_OFFLINE
2,6,50,547,3613,21.235954302810697,2.3516347115525624,21.24116198760622,0.06332045303287927,NOT_YET_INSERTED_OFFLINE
2,7,51,575,2550,24.93284389822329,3.328184541966054,24.941727633565918,0.05392569511463731,NOT_YET_INSERTED_OFFLINE
2,8,52,632,3535,31.253022548048236,12.32128463115613,31.35002361382348,0.04290267900809285,NOT_YET_INSERTED_OFFLINE
2,9,53,635,2615,39.96863931885847,15.39924109280131,40.08712504097005,0.03355191969055841,NOT_YET_INSERTED_OFFLINE
2,10,54,638,3529,33.72060625961208,12.643694898035282,33.815289549888135,0.039774907087981724,NOT_YET_INSERTED_OFFLINE
2,11,55,639,2620,41.86925328537221,12.983192677740117,41.94969490185768,0.03206221173113797,NOT_YET_INSERTED_OFFLINE
2,12,56,643,3525,34.97354536886238,15.803768063187379,35.11608234224991,0.03830153907521066,NOT_YET_INSERTED_OFFLINE
2,13,57,644,2625,43.112600235998684,14.929054524109379,43.215869375362416,0.031122826393185813,NOT_YET_INSERTED_OFFLINE
2,14,58,645,3522,36.48822719140827,17.21561609465252,36.650318157862756,0.03669818074175302,NOT_YET_INSERTED_OFFLINE
2,15,59,646,2628,43.950405481032156,15.34585060781389,44.057439180940094,0.030528329040555472,NOT_YET_INSERTED_OFFLINE
2,16,60,653,3513,41.17950223381488,37.67361609109107,41.86315155599159,0.03212849367542418,NOT_YET_INSERTED_OFFLINE
2,17,61,659,2646,48.24575710619824,6.0836129414135165,48.26109709286679,0.027869237978819114,NOT_YET_INSERTED_OFFLINE
2,18,62,660,3504,44.80676526501842,31.757811779634984,45.25470757695479,0.029720664921165436,NOT_YET_INSERTED_OFFLINE
2,19,63,661,2646,48.4770103577529,7.474756437475525,48.50005579973765,0.027731926857025913,NOT_YET_INSERTED_OFFLINE
2,20,64,664,3500,45.946951235017785,32.88309770024159,46.41523728655976,0.028977553032772392,NOT_YET_INSERTED_OFFLINE
2,21,65,702,3464,46.41301775664368,49.84527190866296,47.47157320486087,0.028332745455806344,NOT_YET_INSERTED_OFFLINE
2,22,66,746,3426,44.218212579285094,76.21485214059227,46.77177002401491,0.028756662390784254,NOT_YET_INSERTED_OFFLINE
2,23,67,762,3413,43.68193171417991,70.60849854606384,45.907881251038546,0.029297801670373817,NOT_YET_INSERTED_OFFLINE
2,24,68,779,3399,43.380486315371776,52.871236098781274,44.65065841869166,0.030122736094681104,NOT_YET_INSERTED_OFFLINE
2,25,69,816,3369,42.85756175476905,55.70789746230699,44.28211143510073,0.030373438763669026,NOT_YET_INSERTED_OFFLINE
2,26,70,827,3360,43.1028014940561,72.1038947794001,45.45118658880488,0.02959218671600728,NOT_YET_INSERTED_OFFLINE
2,27,71,843,3358,44.07006268036579,74.44095987482473,46.516972009523364,0.02891417781287741,NOT_YET_INSERTED_OFFLINE
2,28,72,863,3358,44.43691244726419,101.54185369216073,48.857641264140355,0.027528958934560328,NOT_YET_INSERTED_OFFLINE
2,29,73,878,3347,35.45237768041363,114.77425892986396,42.23501277033866,0.031845616036952726,NOT_YET_INSERTED_OFFLINE
2,30,74,905,3802,29.823574614399337,96.2324926537589,35.49469408904484,0.037892987515988304,NOT_YET_INSERTED_OFFLINE
2,31,75,931,3276,30.962589202434796,89.63286947887029,35.77770229849004,0.03759324701119122,NOT_YET_INSERTED_OFFLINE
2,32,76,934,3779,31.58078270809381,90.53798980142385,36.403721517822135,0.03694677203102792,NOT_YET_INSERTED_OFFLINE
2,33,77,936,3271,32.102552952018016,87.14621716192357,36.52878909384277,0.03682027336150354,NOT_YET_INSERTED_OFFLINE
2,34,78,946,3771,34.548955707363234,89.48931770881298,38.9096885085052,0.03456722609604029,NOT_YET_INSERTED_OFFLINE
2,35,79,954,3261,36.08712464463165,87.49184597870425,40.10577875603008,0.03353631425989387,NOT_YET_INSERTED_OFFLINE
2,36,80,959,3764,37.75277770921702,90.63879645268734,41.879444619732254,0.03211599418790475,NOT_YET_INSERTED_OFFLINE
2,37,81,973,3248,40.65523542636585,87.6429556837747,44.273012940308874,0.030379680773327925,NOT_YET_INSERTED_OFFLINE
2,38,82,993,3742,41.23661498726449,88.82804578948192,44.90072699143098,0.02995497155884992,NOT_YET_INSERTED_OFFLINE
2,39,83,1002,3218,41.087953598465575,78.68528549057208,43.998578352248764,0.030569169513433997,NOT_YET_INSERTED_OFFLINE
2,40,84,1014,3199,40.072929554058625,60.90025324903173,41.88309106162525,0.03211319809278203,NOT_YET_INSERTED_OFFLINE
2,41,85,1036,3174,35.68577740372987,58.751826739356666,37.57054424302385,0.03579932170532082,NOT_YET_INSERTED_OFFLINE
2,42,86,1037,3686,34.2934694659814,57.3147361207624,36.15855648498573,0.037197281383688253,NOT_YET_INSERTED_OFFLINE
2,43,87,1041,3168,34.79449692793168,55.3660557463167,36.514011305579906,0.036835175098783604,NOT_YET_INSERTED_OFFLINE
2,44,88,1052,3672,31.905912757995008,50.16248698491034,33.44605018445736,0.04021401608208529,NOT_YET_INSERTED_OFFLINE
2,45,89,1067,2481,20.183309371275037,10.582062894803132,20.293969039618187,0.06627584763602778,NOT_YET_INSERTED_OFFLINE
2,46,90,1082,2493,20.409339286785208,1.9719004725047036,20.413149335221473,0.06588890219302397,NOT_YET_INSERTED_OFFLINE
2,47,91,1083,3130,27.542670458243474,53.02754111939558,29.513988220133268,0.04557161133114821,NOT_YET_INSERTED_OFFLINE
2,48,92,1087,3645,26.96683216700395,35.645756786876625,27.89327582410724,0.04821950668259484,NOT_YET_INSERTED_OFFLINE
2,49,93,1090,3124,26.689070570766887,52.65337330247546,28.691489970661483,0.046878011611642734,NOT_YET_INSERTED_OFFLINE
2,50,94,1120,2528,21.32520463356346,4.266425105277604,21.342269045031603,0.06302047814888317,NOT_YET_INSERTED_OFFLINE
2,51,95,1134,3082,21.758298614977683,61.226845061181024,24.967431202756412,0.05387017947811594,NOT_YET_INSERTED_OFFLINE
2,52,96,1144,3073,19.959726613021257,54.876042843301306,22.77818890061593,0.05904771471816316,NOT_YET_INSERTED_OFFLINE
2,53,97,1169,3041,15.84619527465487,49.32373469548129,18.665881625439056,0.07205660182516897,NOT_YET_INSERTED_OFFLINE
2,54,98,1191,3019,12.164690815609976,42.412496793760354,14.830121308020884,0.09069379623162999,NOT_YET_INSERTED_OFFLINE
2,55,99,1308,2933,0.6615730250225133,12.616721370830216,2.608628987304249,0.5155965093334027,NOT_YET_INSERTED_OFFLINE
2,56,100,1327,2908,8.185377300662127,12.823625689513428,8.577774570783774,0.1568005767581164,NOT_YET_INSERTED_OFFLINE
2,57,101,1373,2865,27.542757965267388,16.267767664597585,27.73425908375548,0.04849597733756637,NOT_YET_INSERTED_OFFLINE
2,58,102,1424,2819,48.06125149380295,9.563997841918663,48.099300383055315,0.027962984685611435,NOT_YET_INSERTED_OFFLINE
2,59,103,1444,2798,51.659821757550816,40.42218738378799,52.28857727398522,0.02572263523163727,NOT_YET_INSERTED_OFFLINE
2,60,104,1489,2755,51.0196090065499,71.36954929708203,52.97872219916192,0.0253875507782873,NOT_YET_INSERTED_OFFLINE
2,61,105,1579,2678,51.04278937175283,4.519422399204612,51.050791903769934,0.026346310210727135,NOT_YET_INSERTED_OFFLINE
2,62,106,1606,2654,48.6345217331167,10.461729880091214,48.679509199378344,0.027629695165808616,NOT_YET_INSERTED_OFFLINE
2,63,107,1619,3494,46.24437354305117,39.84643527486161,46.92602285037376,0.02866213495843463,NOT_YET_INSERTED_OFFLINE
2,64,108,1650,3461,46.668156325422835,50.51935787878955,47.749398275093604,0.02816789422667051,NOT_YET_INSERTED_OFFLINE
2,65,109,1656,3454,44.96602317125881,51.746630631313465,46.141649202276334,0.02914936989147857,NOT_YET_INSERTED_OFFLINE
2,66,110,1661,3451,46.895108749805665,51.046315403849135,47.99354412114685,0.02802460257164813,NOT_YET_INSERTED_OFFLINE
2,67,111,1694,3417,43.56316784659505,78.74459897650247,46.32254383720113,0.029035538391996622,NOT_YET_INSERTED_OFFLINE
2,68,112,1716,3399,43.11512975239508,53.16874364283753,44.40710557543887,0.03028794564678645,NOT_YET_INSERTED_OFFLINE
2,69,113,1744,3382,43.16759706035604,54.76233321008162,44.5353563083281,0.030200723907725543,NOT_YET_INSERTED_OFFLINE
2,70,114,1748,3379,43.50433507956904,52.83247776970702,44.76916348343896,0.030043000479505123,NOT_YET_INSERTED_OFFLINE
2,71,115,1763,3365,42.86070854599154,59.671996315333494,44.491237596123575,0.030230671760796038,NOT_YET_INSERTED_OFFLINE
2,72,116,1776,3365,43.28406836692034,65.89315529030945,45.245849433475634,0.029726483574532853,NOT_YET_INSERTED_OFFLINE
2,73,117,1789,3358,43.742977474489884,87.67312724865626,47.12654419746999,0.028540178850462092,NOT_YET_INSERTED_OFFLINE
2,74,118,1806,3863,43.00000966591727,22.89451718924793,43.24311723225014,0.031103215634901475,NOT_YET_INSERTED_OFFLINE
2,75,119,1967,4176,41.76592128110029,21.349063979061192,41.9836096800924,0.032036311557025694,NOT_YET_INSERTED_OFFLINE
5,1,45,283,252,0.0005413316224124372,0.050167855105344814,0.01004816338244251,1.0,INSERTED
5,2,46,378,2930,0.01140944120294805,0.348305592664544,0.07058928235801452,1.0,INSERTED
5,3,47,454,3012,0.00798581964379434,0.23406978473449477,0.04749020825822224,1.0,INSERTED
5,4,48,482,3043,0.015214558343946478,0.06418652524832685,0.019906762331919157,1.0,INSERTED
5,5,49,512,3072,0.004292982537010352,0.017836715503349993,0.005581723377324756,1.0,INSERTED
5,6,50,547,3613,1.2106904544019865,37.411264372040385,7.579569872556622,0.17745070269354554,NOT_YET_INSERTED_OFFLINE
5,7,51,575,2550,27.208338218472562,22.237892848502003,27.569450914816077,0.04878588275681561,NOT_YET_INSERTED_OFFLINE
5,8,52,632,3535,2.9747705202809485,27.34983198492097,6.226539330355895,0.21601084143848534,NOT_YET_INSERTED_OFFLINE
5,9,53,635,2615,27.195032691351,4.784068604012883,27.21185946568087,0.04942697876623576,NOT_YET_INSERTED_OFFLINE
5,10,54,638,3529,2.3163268441769853,27.02376174757894,5.88019710627555,0.2287338291032063,NOT_YET_INSERTED_OFFLINE
5,11,55,639,2620,27.968467744727405,6.9918700913110206,28.00340404098773,0.04802987515486919,NOT_YET_INSERTED_OFFLINE
5,12,56,643,3525,1.8693214371300273,23.872638281538585,5.12742400978904,0.26231495531327004,NOT_YET_INSERTED_OFFLINE
5,13,57,644,2625,28.080645558998853,5.24537556711148,28.10023511652036,0.04786436819559789,NOT_YET_INSERTED_OFFLINE
5,14,58,645,3522,2.1540345498687534,22.456913218322683,4.981202956499496,0.2700150971052159,NOT_YET_INSERTED_OFFLINE
5,15,59,646,2628,28.195645618033478,4.922603272414039,28.212828868031536,0.04767334769198007,NOT_YET_INSERTED_OFFLINE
5,16,60,653,3513,2.7665261722736765,2.194803317432301,2.801134328439768,0.48016262067273474,NOT_YET_INSERTED_OFFLINE
5,17,61,659,2646,29.165312979852597,14.234600926183,29.303932086903732,0.045898277269114204,NOT_YET_INSERTED_OFFLINE
5,18,62,660,3504,3.2886466760935917,7.942739097028537,3.6522159211525342,0.3682695736060306,NOT_YET_INSERTED_OFFLINE
5,19,63,661,2646,29.36972562405592,12.61670801511916,29.477924555129007,0.045627364215706866,NOT_YET_INSERTED_OFFLINE
5,20,64,664,3500,3.4494491618423657,6.792258313496358,3.707302313006779,0.36279749705902675,NOT_YET_INSERTED_OFFLINE
5,21,65,702,3464,3.511419962454314,10.203337871625058,4.061329129930765,0.3311723716474387,NOT_YET_INSERTED_OFFLINE
5,22,66,746,3426,3.1617225563103597,36.559708092566495,7.966240001131564,0.16883749420164965,NOT_YET_INSERTED_OFFLINE
5,23,67,762,3413,3.02088684054391,30.955614142839607,6.888814062070932,0.19524405621650104,NOT_YET_INSERTED_OFFLINE
5,24,68,779,3399,2.9900074313104796,13.218636248680241,3.991170030240358,0.3369939115119585,NOT_YET_INSERTED_OFFLINE
5,25,69,816,3369,2.765196573093393,16.082083499981326,4.241656336369356,0.31709311017668446,NOT_YET_INSERTED_OFFLINE
5,26,70,827,3360,2.906426302206041,32.45475817335558,7.111945371963617,0.18911843801587636,NOT_YET_INSERTED_OFFLINE
5,27,71,843,3358,3.841291152815259,34.78786373706954,7.947536489771753,0.1692348316652557,NOT_YET_INSERTED_OFFLINE
5,28,72,863,3358,4.017606557733243,61.887959474827845,13.01329871981192,0.10335580769788394,NOT_YET_INSERTED_OFFLINE
5,29,73,878,3347,3.85967007028604,75.11759702017861,15.511388987930763,0.08671048099216191,NOT_YET_INSERTED_OFFLINE
5,30,74,905,3802,1.8789901461991556,56.576398218939936,11.470229177598691,0.1172600807860735,NOT_YET_INSERTED_OFFLINE
5,31,75,931,3276,2.3758457400140554,49.97697296110149,10.273877361275524,0.13091454693333182,NOT_YET_INSERTED_OFFLINE
5,32,76,934,3779,2.9044117089574644,50.88452993674491,10.583242548976601,0.12708770433784128,NOT_YET_INSERTED_OFFLINE
5,33,77,936,3271,2.4695116177567695,47.49185000069518,9.81414898449055,0.13704703302604473,NOT_YET_INSERTED_OFFLINE
5,34,78,946,3771,3.2658466929857877,49.836520014924616,10.488703623899642,0.12823319718323173,NOT_YET_INSERTED_OFFLINE
5,35,79,954,3261,2.866793776994609,47.83840394995992,9.987943845406654,0.1346623510121706,NOT_YET_INSERTED_OFFLINE
5,36,80,959,3764,2.539162082170267,50.989178537507755,10.50919583967893,0.12798315118667458,NOT_YET_INSERTED_OFFLINE
5,37,81,973,3248,2.185471070749379,47.988947507444955,9.843467230400819,0.1366388456951497,NOT_YET_INSERTED_OFFLINE
5,38,82,993,3742,1.2546737708495128,49.17161185926193,9.914035645728438,0.13566624612445355,NOT_YET_INSERTED_OFFLINE
5,39,83,1002,3218,1.4611997012434481,39.02959369751035,7.941503128163052,0.16936340366475583,NOT_YET_INSERTED_OFFLINE
5,40,84,1014,3199,1.8223024159279775,21.251417978425057,4.624467184319298,0.29084431706222136,NOT_YET_INSERTED_OFFLINE
5,41,85,1036,3174,0.9980841961477244,19.102130492373675,3.948648836818329,0.3406228448219644,NOT_YET_INSERTED_OFFLINE
5,42,86,1037,3686,0.8492201395046728,17.66702962407907,3.634024253477656,0.37011310497250366,NOT_YET_INSERTED_OFFLINE
5,43,87,1041,3168,1.2365329472319377,15.714129479469495,3.3773315415415452,0.3982434011752633,NOT_YET_INSERTED_OFFLINE
5,44,88,1052,3672,0.44487042981280817,10.565710715915563,2.1594627611094266,0.622840099038802,NOT_YET_INSERTED_OFFLINE
5,45,89,1067,2481,29.86001769277026,29.828522076545003,30.450127845107485,0.04417058630563698,NOT_YET_INSERTED_OFFLINE
5,46,90,1082,2493,28.69855519185245,20.51649234293116,28.990414423083077,0.04639464549803292,NOT_YET_INSERTED_OFFLINE
5,47,91,1083,3130,0.6088413090220122,13.378938696331224,2.744180709279037,0.4901280719057909,NOT_YET_INSERTED_OFFLINE
5,48,92,1087,3645,0.4880207519484108,4.1034898439923575,0.9548347555060138,1.0,NOT_YET_INSERTED_OFFLINE
5,49,93,1090,3124,1.3612538133216072,13.020383764822412,2.9384056356488046,0.45773122120459786,NOT_YET_INSERTED_OFFLINE
5,50,94,1120,2528,27.767235957891096,15.545533155397056,27.94075762724809,0.04813756369613769,NOT_YET_INSERTED_OFFLINE
5,51,95,1134,3082,1.2412562446527806,21.580346373976226,4.491010025564526,0.29948719605250307,NOT_YET_INSERTED_OFFLINE
5,52,96,1144,3073,0.8634554336119091,15.228569183947798,3.1657428925049023,0.4248607817092074,NOT_YET_INSERTED_OFFLINE
5,53,97,1169,3041,0.38359772225605687,10.17824419745395,2.07147614281223,0.6492954334361929,NOT_YET_INSERTED_OFFLINE
5,54,98,1191,3019,0.41118615541008846,4.575633589205927,1.0032601677071156,1.0,NOT_YET_INSERTED_OFFLINE
5,55,99,1308,2933,1.811451146702835,7.8528225052994305,2.3975045586777317,0.5609999760508453,NOT_YET_INSERTED_OFFLINE
5,56,100,1327,2908,6.123176474187228,6.650755272867186,6.265986910457343,0.21465094313480315,NOT_YET_INSERTED_OFFLINE
5,57,101,1373,2865,16.25970490807657,3.2531914281358665,16.27271747055338,0.08265368107286761,NOT_YET_INSERTED_OFFLINE
5,58,102,1424,2819,26.54549250236821,28.829105463600726,27.16445959459793,0.04951322500328605,NOT_YET_INSERTED_OFFLINE
5,59,103,1444,2798,26.826802574449804,21.08962866130463,27.156366359499856,0.049527981107438966,NOT_YET_INSERTED_OFFLINE
5,60,104,1489,2755,25.846859242316057,51.96162881169626,27.857863655396823,0.048280802025514866,NOT_YET_INSERTED_OFFLINE
5,61,105,1579,2678,29.429463731659716,22.76380813225988,29.779539518944347,0.045165238339040605,NOT_YET_INSERTED_OFFLINE
5,62,106,1606,2654,28.768901512553466,29.459818753860972,29.366050655125807,0.045801187765956264,NOT_YET_INSERTED_OFFLINE
5,63,107,1619,3494,2.9084314064413475,0.6803499162160397,2.911612660762795,0.46194331345146433,NOT_YET_INSERTED_OFFLINE
5,64,108,1650,3461,3.7672187841598186,10.867728854209926,4.349280237656762,0.3092465710428993,NOT_YET_INSERTED_OFFLINE
5,65,109,1656,3454,2.7280707256809262,12.098621857056338,3.6465649477170854,0.3688402700305752,NOT_YET_INSERTED_OFFLINE
5,66,110,1661,3451,4.280412894632978,11.394979318546726,4.84930476412285,0.2773593464264945,NOT_YET_INSERTED_OFFLINE
5,67,111,1694,3417,2.8475061367103778,39.09246113398375,8.320884081579582,0.16164147785419863,NOT_YET_INSERTED_OFFLINE
5,68,112,1716,3399,2.743148032531401,13.517857735436799,3.8515140190061934,0.349213320622172,NOT_YET_INSERTED_OFFLINE
5,69,113,1744,3382,3.0367487954658308,15.121034163635889,4.285752000976832,0.31383057155277305,NOT_YET_INSERTED_OFFLINE
5,70,114,1748,3379,3.3005196157736427,13.182675477069488,4.224304326567365,0.31839562115377606,NOT_YET_INSERTED_OFFLINE
5,71,115,1763,3365,2.6699061905601726,20.04647266450333,4.816932812271592,0.2792233258004939,NOT_YET_INSERTED_OFFLINE
5,72,116,1776,3365,3.1739564013532626,26.256433524533993,6.1359605030363635,0.2191995856776507,NOT_YET_INSERTED_OFFLINE
5,73,117,1789,3358,3.764793515496839,48.02312232408827,10.316127244489612,0.13037838407028524,NOT_YET_INSERTED_OFFLINE
5,74,118,1806,3863,2.754286829091073,16.76407393201738,4.339062448136734,0.3099747966470419,NOT_YET_INSERTED_OFFLINE
5,75,119,1967,4176,8.450699786142883,18.321441665540487,9.210935667111539,0.14602208164393565,NOT_YET_INSERTED_OFFLINE
10,1,45,283,252,0.0011094059002488027,0.0867696682095766,0.017389358651183982,1.0,INSERTED
10,2,46,378,2930,0.011641222900984396,0.3629801970150628,0.07352348609549303,1.0,INSERTED
10,3,47,454,3012,0.008044343759291687,0.23533431367445987,0.04774935637495879,1.0,INSERTED
10,4,48,482,3043,0.015040040011513035,0.06401039435970654,0.019750848766352275,1.0,INSERTED
10,5,49,512,3072,0.0041130498177759135,0.10593808341430612,0.02158314804432768,1.0,INSERTED
10,6,50,547,3613,0.06556288538086782,0.7018977465473021,0.1549351793615383,1.0,INSERTED
10,7,51,575,2550,0.00673245789756771,0.4088094163091962,0.08203859789065844,1.0,INSERTED
10,8,52,632,3535,0.09175546159377597,0.982343711082321,0.21683872209641514,1.0,INSERTED
10,9,53,635,2615,0.00768023925640971,0.21675830877700247,0.04402672656455793,1.0,INSERTED
10,10,54,638,3529,0.14812647568603954,0.2812584904148683,0.15844780319204455,1.0,INSERTED
10,11,55,639,2620,0.789291006703576,1.7045063312468247,0.8597639016576382,1.0,NOT_YET_INSERTED_OFFLINE
10,12,56,643,3525,1.463544755888151,2.599375366823777,1.5531366148519317,0.8659894996604826,NOT_YET_INSERTED_OFFLINE
10,13,57,644,2625,1.0531523941192633,0.2390146904691454,1.0542367315406622,1.0,NOT_YET_INSERTED_OFFLINE
10,14,58,645,3522,2.677484923069398,3.7799795687224886,2.78216738081344,0.4834360467581766,NOT_YET_INSERTED_OFFLINE
10,15,59,646,2628,1.3157916962082326,0.5485248484126608,1.320357136604935,1.0,NOT_YET_INSERTED_OFFLINE
10,16,60,653,3513,5.984533597424915,23.563091872062785,7.61731017627341,0.1765715152560598,NOT_YET_INSERTED_OFFLINE
10,17,61,659,2646,3.007584129788692,9.783227431000102,3.588038998732276,0.3748565722042638,NOT_YET_INSERTED_OFFLINE
10,18,62,660,3504,8.50301840446283,16.966846560114497,9.155123007060713,0.14691228058461853,NOT_YET_INSERTED_OFFLINE
10,19,63,661,2646,3.3489147527239203,8.214759680515897,3.7302172973376635,0.36056880679845527,NOT_YET_INSERTED_OFFLINE
10,20,64,664,3500,9.261572128061518,17.803340920751406,9.922453134225732,0.13555115673569296,NOT_YET_INSERTED_OFFLINE
10,21,65,702,3464,9.162545178260938,32.028679234861954,11.17969972248181,0.12030734575949951,NOT_YET_INSERTED_OFFLINE
10,22,66,746,3426,7.425741375092159,55.51975985624118,13.358120539564808,0.10068781727311905,NOT_YET_INSERTED_OFFLINE
10,23,67,762,3413,7.0640398523060375,48.954990598289804,12.07328883171912,0.11140295065801759,NOT_YET_INSERTED_OFFLINE
10,24,68,779,3399,6.921399475226702,30.182413354917127,9.18394761160753,0.14645118383515857,NOT_YET_INSERTED_OFFLINE
10,25,69,816,3369,6.677434422788288,30.834834387665815,9.089533042969208,0.14797239788245922,NOT_YET_INSERTED_OFFLINE
10,26,70,827,3360,6.98514267278734,46.5573568212992,11.640262760205445,0.11554721982721473,NOT_YET_INSERTED_OFFLINE
10,27,71,843,3358,7.96703257091933,48.7432037735113,12.590059751658503,0.10683031109704,NOT_YET_INSERTED_OFFLINE
10,28,72,863,3358,8.145232749683878,75.84026319559757,17.216696472018764,0.07812183958670268,NOT_YET_INSERTED_OFFLINE
10,29,73,878,3347,4.4720326170798375,88.26503797690616,18.21064943627254,0.07385788215333974,NOT_YET_INSERTED_OFFLINE
10,30,74,905,3802,7.90276741549629,83.56847107232302,18.487869188147606,0.0727504065672569,NOT_YET_INSERTED_OFFLINE
10,31,75,931,3276,10.179496449616499,58.132435448738654,15.453069274931295,0.08703772539102786,NOT_YET_INSERTED_OFFLINE
10,32,76,934,3779,15.874138295880467,77.87171625642915,22.23844496239814,0.0604808475715902,NOT_YET_INSERTED_OFFLINE
10,33,77,936,3271,11.511962430970003,55.3034894748041,15.964470455848373,0.08424958433289449,NOT_YET_INSERTED_OFFLINE
10,34,78,946,3771,20.202957959953363,76.82238379956526,25.381620445463113,0.052991100504791236,NOT_YET_INSERTED_OFFLINE
10,35,79,954,3261,13.098006138098048,54.974575946193525,17.101050400843985,0.07865013952205067,NOT_YET_INSERTED_OFFLINE
10,36,80,959,3764,22.986807904352528,77.9716311977762,27.777263157072998,0.0484208970622622,NOT_YET_INSERTED_OFFLINE
10,37,81,973,3248,14.226543512237246,54.24782683119392,17.891551328542413,0.07517514693397882,NOT_YET_INSERTED_OFFLINE
10,38,82,993,3742,25.719462734920956,76.1624664289291,29.891798458348035,0.04499561984783739,NOT_YET_INSERTED_OFFLINE
10,39,83,1002,3218,13.532803910735117,43.292472249309505,16.065687281429856,0.08371879624189313,NOT_YET_INSERTED_OFFLINE
10,40,84,1014,3199,14.437402749684084,24.254457237559446,15.23055304288487,0.08830933428437338,NOT_YET_INSERTED_OFFLINE
10,41,85,1036,3174,13.387018454869645,20.445510883365646,13.99760764281859,0.09608784831814073,NOT_YET_INSERTED_OFFLINE
10,42,86,1037,3686,21.48751165386615,44.65208076320946,23.26941103110263,0.05780120511869554,NOT_YET_INSERTED_OFFLINE
10,43,87,1041,3168,13.558435882351421,16.66579996509326,13.962132326936839,0.09633199059466874,NOT_YET_INSERTED_OFFLINE
10,44,88,1052,3672,20.013219461974927,37.50046859317025,21.372420523222587,0.06293157101876065,NOT_YET_INSERTED_OFFLINE
10,45,89,1067,2481,18.685238636315333,7.7494632820127745,18.74940826112712,0.07173559726621183,NOT_YET_INSERTED_OFFLINE
10,46,90,1082,2493,17.840531906943582,2.622972917725245,17.848243000355996,0.07535755760234623,NOT_YET_INSERTED_OFFLINE
10,47,91,1083,3130,12.920382573181046,11.775234350508278,13.133260509018164,0.10241173538562143,NOT_YET_INSERTED_OFFLINE
10,48,92,1087,3645,17.681855315035143,22.98503288252236,18.26966000904948,0.07361932292849364,NOT_YET_INSERTED_OFFLINE
10,49,93,1090,3124,13.47651714380294,11.013495442324514,13.6553431887133,0.09849624292941224,NOT_YET_INSERTED_OFFLINE
10,50,94,1120,2528,16.127392418344016,8.53483609674824,16.21747586103319,0.08293522441625586,NOT_YET_INSERTED_OFFLINE
10,51,95,1134,3082,13.032305956955573,16.60973584441358,13.449027159930477,0.10000723353487173,NOT_YET_INSERTED_OFFLINE
10,52,96,1144,3073,13.293581057645095,9.64935791044954,13.432933471864539,0.1001270498969656,NOT_YET_INSERTED_OFFLINE
10,53,97,1169,3041,13.502362871164122,5.292807372926422,13.543793984702647,0.09930747628907687,NOT_YET_INSERTED_OFFLINE
10,54,98,1191,3019,13.744101756508167,1.3879399106463264,13.746904676365274,0.09784020706220699,NOT_YET_INSERTED_OFFLINE
10,55,99,1308,2933,13.02046913812722,10.555825204263463,13.190513045618882,0.10196722412148558,NOT_YET_INSERTED_OFFLINE
10,56,100,1327,2908,9.467625031755494,9.320546015669898,9.649395155300253,0.1393869748676645,NOT_YET_INSERTED_OFFLINE
10,57,101,1373,2865,1.2530519452184141,5.403822573806462,1.6547480514515989,0.8128125600873934,NOT_YET_INSERTED_OFFLINE
10,58,102,1424,2819,9.239949039979292,29.80138549382447,10.995524605741895,0.12232249467184467,NOT_YET_INSERTED_OFFLINE
10,59,103,1444,2798,8.556699280877956,20.375953518977557,9.477567296288573,0.14191405430871523,NOT_YET_INSERTED_OFFLINE
10,60,104,1489,2755,5.786492761349445,52.73387791874591,12.029878373912076,0.11180495414789555,NOT_YET_INSERTED_OFFLINE
10,61,105,1579,2678,5.2342720979996225,19.338875950360116,6.508247791597523,0.20666084683137956,NOT_YET_INSERTED_OFFLINE
10,62,106,1606,2654,3.4337131381115107,25.31597800672468,6.117706728204475,0.21985362485572313,NOT_YET_INSERTED_OFFLINE
10,63,107,1619,3494,8.99055566478042,24.307608821121203,10.220786908332512,0.13159456429949506,NOT_YET_INSERTED_OFFLINE
10,64,108,1650,3461,9.360127736601443,32.46556278609336,11.391773432008138,0.11806765715870665,NOT_YET_INSERTED_OFFLINE
10,65,109,1656,3454,7.907946278209692,33.167013496225294,10.321707499701885,0.13030789721941324,NOT_YET_INSERTED_OFFLINE
10,66,110,1661,3451,9.589537026838167,32.23784635450379,11.55553416732277,0.11639444620426531,NOT_YET_INSERTED_OFFLINE
10,67,111,1694,3417,6.915827007240882,57.39070643848431,13.400611576133896,0.10036855350657327,NOT_YET_INSERTED_OFFLINE
10,68,112,1716,3399,6.660760932315259,30.478829155852054,9.029069568118405,0.14896330013329254,NOT_YET_INSERTED_OFFLINE
10,69,113,1744,3382,6.953073473804208,30.827979614862468,9.292997569002951,0.1447326322871626,NOT_YET_INSERTED_OFFLINE
10,70,114,1748,3379,7.239830540785097,28.670811689231453,9.235570582051738,0.14563258307113713,NOT_YET_INSERTED_OFFLINE
10,71,115,1763,3365,6.6822550763482695,34.50679940045297,9.606315688124468,0.14001205495075678,NOT_YET_INSERTED_OFFLINE
10,72,116,1776,3365,7.192553106220064,40.717176114819985,10.865006093712354,0.12379192320732886,NOT_YET_INSERTED_OFFLINE
10,73,117,1789,3358,7.870338960595596,61.97943450272352,14.68333229909903,0.09160046048147594,NOT_YET_INSERTED_OFFLINE
10,74,118,1806,3863,18.898670310892967,10.23750246719693,19.009260842822425,0.07075498679938674,NOT_YET_INSERTED_OFFLINE
10,75,119,1967,4176,25.50101660210792,8.69469724342163,25.56023783432334,0.05262079362164145,NOT_YET_INSERTED_OFFLINE
20,1,45,283,252,0.0010785767604205721,0.08470616513082975,0.016975532518156103,1.0,INSERTED
20,2,46,378,2930,0.011759443572168656,0.34876995392586235,0.07073827636849052,1.0,INSERTED
20,3,47,454,3012,0.00806224532176934,0.23575554017533717,0.0478354135402109,1.0,INSERTED
20,4,48,482,3043,0.015005573728166039,0.06337135562689918,0.019641903967565464,1.0,INSERTED
20,5,49,512,3072,0.004541740936039109,0.09292684628261491,0.01913225969746917,1.0,INSERTED
20,6,50,547,3613,0.06530667866245465,0.7024659114849535,0.15492997305188103,1.0,INSERTED
20,7,51,575,2550,0.0075039483335999765,0.4127775244935988,0.08289584205299974,1.0,INSERTED
20,8,52,632,3535,0.10015517321508074,1.0461265987301287,0.23196183553457564,1.0,INSERTED
20,9,53,635,2615,0.0723510357580986,0.3705312305310784,0.10356837397209957,1.0,INSERTED
20,10,54,638,3529,0.03642422522598684,0.6082789642988522,0.12699155924569472,1.0,INSERTED
20,11,55,639,2620,0.08006020733463141,0.21626909584241003,0.09099741573871156,1.0,INSERTED
20,12,56,643,3525,0.09298935549618577,0.3130114872556899,0.11209847403848446,1.0,INSERTED
20,13,57,644,2625,0.0284879801150029,0.2567515165289513,0.05872323782481221,1.0,INSERTED
20,14,58,645,3522,0.11741962010939984,1.0608172982452666,0.24248855807417233,1.0,INSERTED
20,15,59,646,2628,0.04238533226734125,0.20679331284237468,0.05922039649365655,1.0,INSERTED
20,16,60,653,3513,0.0767327004057798,1.1952338856328575,0.25106028950466047,1.0,INSERTED
20,17,61,659,2646,0.20308745181953652,0.9075651092577696,0.27238114873873936,1.0,INSERTED
20,18,62,660,3504,0.02267472241522516,0.21506427111972884,0.048623540236164664,1.0,INSERTED
20,19,63,661,2646,0.21278750141818328,0.3023593314741614,0.22121339781526214,1.0,INSERTED
20,20,64,664,3500,0.03338957379839508,0.07206394144322777,0.03636745942036355,1.0,INSERTED
20,21,65,702,3464,1.0332854478450946,15.94863368204277,3.352914473959633,0.40114354554699355,NOT_YET_INSERTED_OFFLINE
20,22,66,746,3426,2.9517719564548157,41.158898446539446,8.745007406298466,0.15380204241236925,NOT_YET_INSERTED_OFFLINE
20,23,67,762,3413,3.2581252005041943,35.13466356490296,7.745525364681034,0.17364864701535815,NOT_YET_INSERTED_OFFLINE
20,24,68,779,3399,3.733343416531181,16.956311701933252,5.043660706974791,0.26667138773629695,NOT_YET_INSERTED_OFFLINE
20,25,69,816,3369,4.385505744977902,18.819197280538027,5.7791996063976345,0.23273118971545315,NOT_YET_INSERTED_OFFLINE
20,26,70,827,3360,5.290360087040627,34.88290009958915,8.755602699121813,0.15361592413677055,NOT_YET_INSERTED_OFFLINE
20,27,71,843,3358,5.342908180737787,37.14279785055977,9.150418849129077,0.1469878070256877,NOT_YET_INSERTED_OFFLINE
20,28,72,863,3358,4.968921094653256,64.24785101194284,13.776851281443175,0.09762753277388259,NOT_YET_INSERTED_OFFLINE
20,29,73,878,3347,6.983253167781801,77.098838241922,16.927346488315788,0.07945722626569941,NOT_YET_INSERTED_OFFLINE
20,30,74,905,3802,7.924057457105733,79.61425461654953,17.78560845485653,0.07562293994123856,NOT_YET_INSERTED_OFFLINE
20,31,75,931,3276,7.3259691030173215,49.232351531927705,12.27284811251637,0.10959151353207998,NOT_YET_INSERTED_OFFLINE
20,32,76,934,3779,14.085898698153164,73.90940697566396,20.41853471026768,0.0658715240385811,NOT_YET_INSERTED_OFFLINE
20,33,77,936,3271,7.99966309488198,46.52915047821779,12.271637356139651,0.10960232615797434,NOT_YET_INSERTED_OFFLINE
20,34,78,946,3771,17.763079793331077,72.85731231694064,22.975084810859265,0.0585416772591969,NOT_YET_INSERTED_OFFLINE
20,35,79,954,3261,8.199293673865153,46.45757013657115,12.391959073127309,0.10853812476807735,NOT_YET_INSERTED_OFFLINE
20,36,80,959,3764,20.07364733380768,74.00392690081428,24.940219829659217,0.0539289552853303,NOT_YET_INSERTED_OFFLINE
20,37,81,973,3248,7.7752695017773705,46.001419480001665,12.045747780535354,0.11165765915947341,NOT_YET_INSERTED_OFFLINE
20,38,82,993,3742,22.255769113078127,72.20370962674707,26.530252282426314,0.05069684169158581,NOT_YET_INSERTED_OFFLINE
20,39,83,1002,3218,6.968320150242085,35.68801491586161,9.975112132786293,0.13483557699359,NOT_YET_INSERTED_OFFLINE
20,40,84,1014,3199,8.207550504220023,17.046203388338668,8.887452237710576,0.15133695957239535,NOT_YET_INSERTED_OFFLINE
20,41,85,1036,3174,8.306977416903981,13.818365319336754,8.754642346144056,0.15363277525465097,NOT_YET_INSERTED_OFFLINE
20,42,86,1037,3686,18.643269989187505,40.70264937516103,20.34305145586648,0.0661159415006116,NOT_YET_INSERTED_OFFLINE
20,43,87,1041,3168,8.77228976451144,10.22246654390127,9.007387001911232,0.14932188432834198,NOT_YET_INSERTED_OFFLINE
20,44,88,1052,3672,17.35329810628283,33.540853557450205,18.604744272900177,0.07229338819556569,NOT_YET_INSERTED_OFFLINE
20,45,89,1067,2481,16.240401886373025,11.552292714848921,16.40392855719905,0.08199255411958811,NOT_YET_INSERTED_OFFLINE
20,46,90,1082,2493,15.836998742775837,2.4606817383851287,15.844643491205106,0.08488673164193121,NOT_YET_INSERTED_OFFLINE
20,47,91,1083,3130,9.90356513220114,6.363881710474169,9.985016872531888,0.1347018254621086,NOT_YET_INSERTED_OFFLINE
20,48,92,1087,3645,15.531120475381142,19.03829820566541,15.991059225814814,0.08410950025303696,NOT_YET_INSERTED_OFFLINE
20,49,93,1090,3124,10.763726932060992,5.718554485514691,10.824319474411643,0.12425723420114664,NOT_YET_INSERTED_OFFLINE
20,50,94,1120,2528,14.6728913910744,4.859401613078088,14.705043119139525,0.09146521972787683,NOT_YET_INSERTED_OFFLINE
20,51,95,1134,3082,11.369163600065747,12.485157399384859,11.640148073652522,0.11554835827599202,NOT_YET_INSERTED_OFFLINE
20,52,96,1144,3073,11.928162159695962,5.965131306854705,11.987675511471076,0.11219856582812586,NOT_YET_INSERTED_OFFLINE
20,53,97,1169,3041,12.828300283490785,3.050277769443793,12.842797823770344,0.10472795869374978,NOT_YET_INSERTED_OFFLINE
20,54,98,1191,3019,13.619392684002893,4.12334433356199,13.644337133800096,0.09857569384357501,NOT_YET_INSERTED_OFFLINE
20,55,99,1308,2933,14.645290615529497,12.409621041526778,14.8541066708533,0.09054735029196717,NOT_YET_INSERTED_OFFLINE
20,56,100,1327,2908,11.527343202796684,10.466645422223227,11.715872480137566,0.11480152265913082,NOT_YET_INSERTED_OFFLINE
20,57,101,1373,2865,3.2621255402426614,5.131086928433959,3.419734662658685,0.39330536801189275,NOT_YET_INSERTED_OFFLINE
20,58,102,1424,2819,7.8699863686078615,28.144739182228886,9.675832738710458,0.13900612343359442,NOT_YET_INSERTED_OFFLINE
20,59,103,1444,2798,7.3986888226548,22.815748134278945,8.692694105486009,0.1547276349171384,NOT_YET_INSERTED_OFFLINE
20,60,104,1489,2755,4.559257522257015,56.73061973977529,12.227892614699249,0.1099944236002829,NOT_YET_INSERTED_OFFLINE
20,61,105,1579,2678,2.831918633993986,12.406170833140168,3.7651409189039233,0.35722434537497877,NOT_YET_INSERTED_OFFLINE
20,62,106,1606,2654,0.9152893276453443,17.396193745928514,3.5976182158668206,0.37385845837339127,NOT_YET_INSERTED_OFFLINE
20,63,107,1619,3494,1.2798459410963963,6.8406245169980355,1.8734383854941974,0.7179312703391632,NOT_YET_INSERTED_OFFLINE
20,64,108,1650,3461,1.1720210838140135,16.538534772966155,3.509210554864014,0.3832770872456584,NOT_YET_INSERTED_OFFLINE
20,65,109,1656,3454,2.288068170056842,17.55296131394724,4.190407377139412,0.3209711798756345,NOT_YET_INSERTED_OFFLINE
20,66,110,1661,3451,1.5371849147201477,16.763969862254562,3.6883824210277276,0.36465849970763886,NOT_YET_INSERTED_OFFLINE
20,67,111,1694,3417,3.2600692378942107,43.394988415625804,9.271086895265089,0.14507468382018032,NOT_YET_INSERTED_OFFLINE
20,68,112,1716,3399,3.804688953078807,17.257492882189222,5.136973861412221,0.26182730071946325,NOT_YET_INSERTED_OFFLINE
20,69,113,1744,3382,4.66834543190191,18.29851961458389,5.931853156895565,0.22674195810738942,NOT_YET_INSERTED_OFFLINE
20,70,114,1748,3379,4.392387596800599,16.268163684979587,5.466186494054084,0.24605819824534733,NOT_YET_INSERTED_OFFLINE
20,71,115,1763,3365,4.799500274020221,22.650044575172352,6.599710876289352,0.20379680643771142,NOT_YET_INSERTED_OFFLINE
20,72,116,1776,3365,4.987680695907513,28.864286925703517,7.629078654300401,0.17629913924689228,NOT_YET_INSERTED_OFFLINE
20,73,117,1789,3358,5.79584112042692,50.37861937752397,11.623768145857387,0.11571118617669147,NOT_YET_INSERTED_OFFLINE
20,74,118,1806,3863,17.63176166451571,6.37037527350181,17.677734205471456,0.0760844112920143,NOT_YET_INSERTED_OFFLINE
20,75,119,1967,4176,23.003043038015434,4.835011454429609,23.02335949507302,0.05841892883998223,NOT_YET_INSERTED_OFFLINE
40,1,45,283,252,0.001067751351658865,0.08375430001278922,0.016784856382294773,1.0,INSERTED
40,2,46,378,2930,0.011419294838221733,0.35516020060829057,0.07194408258117607,1.0,INSERTED
40,3,47,454,3012,0.00800978932678945,0.23542029248577928,0.047760499260614354,1.0,INSERTED
40,4,48,482,3043,0.014935801003332404,0.06406612812499914,0.01967884403435063,1.0,INSERTED
40,5,49,512,3072,0.005059066115922708,0.20869307876705942,0.04204409821813568,1.0,INSERTED
40,6,50,547,3613,0.06276823561172575,0.8475515505496085,0.18075839298735466,1.0,INSERTED
40,7,51,575,2550,0.0067871926475852,0.3944315363552933,0.07917774598268959,1.0,INSERTED
40,8,52,632,3535,0.100426331185198,1.0430791392231915,0.2315297208192133,1.0,INSERTED
40,9,53,635,2615,0.07227580880441493,0.3692148911572422,0.10332752766045704,1.0,INSERTED
40,10,54,638,3529,0.03642360527162313,0.6075335495408959,0.1268485694586006,1.0,INSERTED
40,11,55,639,2620,0.08016881356753701,0.2167633958559334,0.09113996631635513,1.0,INSERTED
40,12,56,643,3525,0.09321371749224802,0.31249203324031005,0.11222677025679366,1.0,INSERTED
40,13,57,644,2625,0.028528779508186004,0.25706910525298343,0.05879857358175852,1.0,INSERTED
40,14,58,645,3522,0.11758164211327846,1.0611731361082877,0.24262930481285852,1.0,INSERTED
40,15,59,646,2628,0.04241209787180081,0.20701152487153668,0.05927003376979605,1.0,INSERTED
40,16,60,653,3513,0.07667959754548695,1.194384932236045,0.25088239343134044,1.0,INSERTED
40,17,61,659,2646,0.20323729851294203,0.9040678936491708,0.27202747978821673,1.0,INSERTED
40,18,62,660,3504,0.02261270771798407,0.23516024056127321,0.05218570781327406,1.0,INSERTED
40,19,63,661,2646,0.21274299125079238,0.3136621654596204,0.2217993203054677,1.0,INSERTED
40,20,64,664,3500,0.03252533291561466,0.1518907688268213,0.04450538739819799,1.0,INSERTED
40,21,65,702,3464,0.01727690836643693,0.11267959461759135,0.028396464646671206,1.0,INSERTED
40,22,66,746,3426,0.03349485481442428,0.603134390291168,0.12519085034105057,1.0,INSERTED
40,23,67,762,3413,0.0195322079480333,0.42031292034444057,0.08630194196925176,1.0,INSERTED
40,24,68,779,3399,0.014887235649400359,0.5707367722972365,0.11511406653998237,1.0,INSERTED
40,25,69,816,3369,0.033422269345048286,0.7018528757861435,0.1442946515230005,1.0,INSERTED
40,26,70,827,3360,0.0758370765392818,0.5306051792543593,0.13043364760707615,1.0,INSERTED
40,27,71,843,3358,0.07557872086297472,1.0422084324237302,0.22172072458813727,1.0,INSERTED
40,28,72,863,3358,0.3189986264497362,1.2179283951336533,0.4013653033132433,1.0,INSERTED
40,29,73,878,3347,0.1870171129623869,2.531505154336025,0.5397370974817097,1.0,INSERTED
40,30,74,905,3802,0.19853426530591448,1.6151187871929849,0.3791572264513875,1.0,INSERTED
40,31,75,931,3276,0.024956660437065743,1.8726595945207376,0.3753624823796245,1.0,INSERTED
40,32,76,934,3779,0.04866160698978927,0.8167857231990092,0.17045089820736603,1.0,INSERTED
40,33,77,936,3271,0.06772463461831588,0.29218263400199296,0.08945084571248106,1.0,INSERTED
40,34,78,946,3771,0.033674484694634896,0.636295742740725,0.13163913479147465,1.0,INSERTED
40,35,79,954,3261,0.05035200950533742,0.6611464958422374,0.14149173975820772,1.0,INSERTED
40,36,80,959,3764,0.1247826638433004,0.5719867590000538,0.16928516560728388,1.0,INSERTED
40,37,81,973,3248,0.14479230917071573,0.47949232869696884,0.17367017166502083,1.0,INSERTED
40,38,82,993,3742,0.09149712778028937,0.3929540223200413,0.1206160807618229,1.0,INSERTED
40,39,83,1002,3218,0.06272843216937338,0.38891470039537834,0.09992518186009348,1.0,INSERTED
40,40,84,1014,3199,0.04128408416607135,0.6374633233045753,0.13401028000781062,1.0,INSERTED
40,41,85,1036,3174,1.6671299660683614,6.683876326969873,2.1368880255952174,0.6294199714209912,NOT_YET_INSERTED_OFFLINE
40,42,86,1037,3686,4.44571487243619,10.36639990374093,4.9053919930594265,0.27418807750797947,NOT_YET_INSERTED_OFFLINE
40,43,87,1041,3168,2.409351105871207,10.99646075088331,3.262186186162815,0.41230019479117225,NOT_YET_INSERTED_OFFLINE
40,44,88,1052,3672,5.867156851933942,14.714614661702136,6.5638650893273685,0.20490975693375024,NOT_YET_INSERTED_OFFLINE
40,45,89,1067,2481,6.5278408238871695,47.164625550557396,11.471389713325044,0.11724821783690796,NOT_YET_INSERTED_OFFLINE
40,46,90,1082,2493,9.347335818937186,37.55626510550216,11.991313892104424,0.11216452276223071,NOT_YET_INSERTED_OFFLINE
40,47,91,1083,3130,6.659962440567698,19.472052780556798,7.715019979839588,0.17433525817362375,NOT_YET_INSERTED_OFFLINE
40,48,92,1087,3645,9.007864998858976,24.00621992337301,10.207525441459486,0.13176553002131827,NOT_YET_INSERTED_OFFLINE
40,49,93,1090,3124,7.8365767274894065,20.8607162078203,8.877990427678847,0.15149824850077592,NOT_YET_INSERTED_OFFLINE
40,50,94,1120,2528,13.525298928933,31.55896350228736,14.925563246006645,0.09011385217638983,NOT_YET_INSERTED_OFFLINE
40,51,95,1134,3082,11.935239236831654,19.404539624466523,12.550353858035457,0.1071682930389133,NOT_YET_INSERTED_OFFLINE
40,52,96,1144,3073,13.165190239282648,27.29522575498345,14.252136962474209,0.09437181270018502,NOT_YET_INSERTED_OFFLINE
40,53,97,1169,3041,17.212582408997335,31.941769099034747,18.359849065653197,0.0732576828486116,NOT_YET_INSERTED_OFFLINE
40,54,98,1191,3019,20.700865570346696,37.03173030408952,21.98589996643663,0.061175571709743894,NOT_YET_INSERTED_OFFLINE
40,55,99,1308,2933,31.446080924390273,46.987651202728046,32.82026173151687,0.040980782268058936,NOT_YET_INSERTED_OFFLINE
40,56,100,1327,2908,33.5579294154972,45.42986519358111,34.766212516116425,0.038686986664897824,NOT_YET_INSERTED_OFFLINE
40,57,101,1373,2865,41.30920377368078,40.51963430705137,42.096602558764395,0.03195032183707601,NOT_YET_INSERTED_OFFLINE
40,58,102,1424,2819,50.244569577823476,63.743157596452164,51.836708785139805,0.025946863362312375,NOT_YET_INSERTED_OFFLINE
40,59,103,1444,2798,55.701406935019236,12.975933044127736,55.76183038670123,0.024120442077898006,NOT_YET_INSERTED_OFFLINE
40,60,104,1489,2755,56.98476719965935,21.590999503826353,57.148145579557884,0.02353532186145182,NOT_YET_INSERTED_OFFLINE
40,61,105,1579,2678,48.11126275569927,47.57449937224326,49.04311290659187,0.02742484969422116,NOT_YET_INSERTED_OFFLINE
40,62,106,1606,2654,46.236568989823375,52.6532548149152,47.42061705265836,0.028363190603497228,NOT_YET_INSERTED_OFFLINE
40,63,107,1619,3494,46.66235553306701,30.13648390450666,47.05001307523106,0.028586602045134392,NOT_YET_INSERTED_OFFLINE
40,64,108,1650,3461,41.91453268624334,28.201672981783858,42.29233293003616,0.03180245464881357,NOT_YET_INSERTED_OFFLINE
40,65,109,1656,3454,42.232459918339515,29.219175413115764,42.63485756076888,0.03154695657380646,NOT_YET_INSERTED_OFFLINE
40,66,110,1661,3451,40.07281338191696,30.870348204730934,40.545647217342534,0.03317248810433848,NOT_YET_INSERTED_OFFLINE
40,67,111,1694,3417,35.15147335286416,11.028965663113818,35.220613314095544,0.03818786424885228,NOT_YET_INSERTED_OFFLINE
40,68,112,1716,3399,32.53900927438957,28.1833496644397,33.02361537583572,0.040728429782529905,NOT_YET_INSERTED_OFFLINE
40,69,113,1744,3382,30.367016716295065,27.59496151314247,30.864461444908066,0.04357762737576924,NOT_YET_INSERTED_OFFLINE
40,70,114,1748,3379,29.515415337466923,29.679368170767923,30.10638368093746,0.044674910618760805,NOT_YET_INSERTED_OFFLINE
40,71,115,1763,3365,28.73130729247893,26.86035765926338,29.229217767128063,0.04601560023657636,NOT_YET_INSERTED_OFFLINE
40,72,116,1776,3365,28.328560986561076,20.70359632319052,28.629581268294086,0.04697938078086822,NOT_YET_INSERTED_OFFLINE
40,73,117,1789,3358,27.41442081546444,4.341789884100181,27.42817008521124,0.04903717586049239,NOT_YET_INSERTED_OFFLINE
40,74,118,1806,3863,50.72565320420074,72.40061560834359,52.75192753456054,0.025496698658429504,NOT_YET_INSERTED_OFFLINE
40,75,119,1967,4176,10.412031310018815,73.94997786229108,18.08740901937438,0.07436112041029753,NOT_YET_INSERTED_OFFLINE
75,1,45,283,252,0.001212622166941207,0.09511149665986396,0.01906091090150021,1.0,INSERTED
75,2,46,378,2930,0.010866357218585265,0.3248036911078708,0.06586330715575849,1.0,INSERTED
75,3,47,454,3012,0.010583636284421334,0.2599188143802151,0.05305021168434286,1.0,INSERTED
75,4,48,482,3043,0.008482672794822548,0.10460160401743099,0.02257466633783986,1.0,INSERTED
75,5,49,512,3072,0.045248630811592534,0.15409725403156518,0.05474739389529469,1.0,INSERTED
75,6,50,547,3613,0.06054713575872341,0.9026879456699777,0.19042000088987676,1.0,INSERTED
75,7,51,575,2550,0.029593915195235035,0.39890487957387116,0.08509291353865227,1.0,INSERTED
75,8,52,632,3535,0.10294657221215747,1.00666706204098,0.22612637989001125,1.0,INSERTED
75,9,53,635,2615,0.07099769814935139,0.35310916047231844,0.10014048287723122,1.0,INSERTED
75,10,54,638,3529,0.035713285638350835,0.6010357678279883,0.12540015366589316,1.0,INSERTED
75,11,55,639,2620,0.08021033646276741,0.22238617995424106,0.09171653393394213,1.0,INSERTED
75,12,56,643,3525,0.09271890509880966,0.3056805946557078,0.11106043580269599,1.0,INSERTED
75,13,57,644,2625,0.02848879019958577,0.2599753473779978,0.059288265422496884,1.0,INSERTED
75,14,58,645,3522,0.11799979510293249,1.066232420564057,0.24371707907081433,1.0,INSERTED
75,15,59,646,2628,0.04406110499995858,0.214719501916028,0.06152690105913072,1.0,INSERTED
75,16,60,653,3513,0.08031209402045342,1.170831871240602,0.24755589929238392,1.0,INSERTED
75,17,61,659,2646,0.2182293674691053,0.666084690329077,0.25567715856837325,1.0,INSERTED
75,18,62,660,3504,0.032669152166131435,0.4936719658781859,0.10399881681545785,1.0,INSERTED
75,19,63,661,2646,0.18676192401896774,0.7210066732782296,0.23595347248925214,1.0,INSERTED
75,20,64,664,3500,0.05565012425745072,0.4525397557265271,0.10624794374664716,1.0,INSERTED
75,21,65,702,3464,0.015609809364456433,0.09234398307570478,0.024181865039862284,1.0,INSERTED
75,22,66,746,3426,0.033735428345129256,0.5281948841189628,0.11089487161274474,1.0,INSERTED
75,23,67,762,3413,0.025844870876801547,0.19168544533393472,0.04623515706422224,1.0,INSERTED
75,24,68,779,3399,0.01130509652693001,0.36361893236301435,0.07359724401359023,1.0,INSERTED
75,25,69,816,3369,0.03305578687393878,0.49328679917808893,0.10404787213388765,1.0,INSERTED
75,26,70,827,3360,0.07772249731191834,0.3830574535830824,0.10913343712274147,1.0,INSERTED
75,27,71,843,3358,0.07358572588583824,1.1465319744505071,0.24082417194218872,1.0,INSERTED
75,28,72,863,3358,0.3367512149273596,1.1060848090634925,0.4029123042905164,1.0,INSERTED
75,29,73,878,3347,0.16613047656543503,2.4778545859416163,0.5226756826242585,1.0,INSERTED
75,30,74,905,3802,0.14823930308594224,2.525095111438512,0.5263260432961994,1.0,INSERTED
75,31,75,931,3276,0.03027251841617262,1.7625756790578544,0.3538125864741216,1.0,INSERTED
75,32,76,934,3779,0.05269624735541738,0.8778481676217594,0.18330736674017922,1.0,INSERTED
75,33,77,936,3271,0.06998202968339723,0.25791965375717346,0.08693898084505419,1.0,INSERTED
75,34,78,946,3771,0.03243463902071184,0.6345859495494518,0.13099610262533412,1.0,INSERTED
75,35,79,954,3261,0.05214407270116552,0.6660096894704655,0.14304461044235914,1.0,INSERTED
75,36,80,959,3764,0.12561595030364156,0.5752772871395161,0.17034413771724283,1.0,INSERTED
75,37,81,973,3248,0.14677229240253353,0.4778407582470905,0.17514387636106774,1.0,INSERTED
75,38,82,993,3742,0.10320288789768996,0.45454181337047667,0.13753241972170785,1.0,INSERTED
75,39,83,1002,3218,0.06331256341395544,0.38157021852560746,0.09915802515516998,1.0,INSERTED
75,40,84,1014,3199,0.022812646368698442,0.5206803526849948,0.10660552528471551,1.0,INSERTED
75,41,85,1036,3174,0.042900700263860954,0.28693783976400616,0.07165056202617685,1.0,INSERTED
75,42,86,1037,3686,0.03902434257110922,0.1448304600992019,0.04859973045202152,1.0,INSERTED
75,43,87,1041,3168,0.04499793510507184,0.2130150679500513,0.061966369352019136,1.0,INSERTED
75,44,88,1052,3672,0.019669320276349343,0.24713388487136437,0.05319669578270929,1.0,INSERTED
75,45,89,1067,2481,0.092813599409857,0.6387222019207314,0.1579018881599334,1.0,INSERTED
75,46,90,1082,2493,0.06384496601246199,0.41594818233052744,0.10486512909683188,1.0,INSERTED
75,47,91,1083,3130,0.06918887877958231,0.28746875278530376,0.0899590590207193,1.0,INSERTED
75,48,92,1087,3645,0.013857834483818953,0.10002927509788888,0.024336676265367195,1.0,INSERTED
75,49,93,1090,3124,0.08383861349277166,0.1712422316158403,0.09056417165712542,1.0,INSERTED
75,50,94,1120,2528,0.03841442879800242,0.24553806159352226,0.062347621666916625,1.0,INSERTED
75,51,95,1134,3082,0.08513067151991287,0.5451472021051378,0.13832805251269065,1.0,INSERTED
75,52,96,1144,3073,0.02898919996101757,0.23703088444774562,0.05556725044181224,1.0,INSERTED
75,53,97,1169,3041,0.014543133574980514,0.15240755278332008,0.03377314347222872,1.0,INSERTED
75,54,98,1191,3019,0.01507688963635533,0.07883379361408445,0.021815207579355313,1.0,INSERTED
75,55,99,1308,2933,0.10719594018661796,0.3509133916968726,0.12812719434757436,1.0,INSERTED
75,56,100,1327,2908,0.041470132685498644,0.8309167264397149,0.17127952637733598,1.0,INSERTED
75,57,101,1373,2865,0.02622649564578203,1.099801006114425,0.22151821414021536,1.0,INSERTED
75,58,102,1424,2819,0.11534001188710857,2.129488197382546,0.44123929749488666,1.0,INSERTED
75,59,103,1444,2798,0.053994326672279706,0.8147699667010121,0.17166651175553022,1.0,INSERTED
75,60,104,1489,2755,0.03777668759981894,0.8496360262914076,0.17407565370523373,1.0,INSERTED
75,61,105,1579,2678,0.07554230125509738,0.4007574479716726,0.11014036754572142,1.0,INSERTED
75,62,106,1606,2654,0.048983203917017666,0.9766175626355882,0.20137186698222578,1.0,INSERTED
75,63,107,1619,3494,0.0704850643617688,0.6716454149824048,0.15169853933627098,1.0,INSERTED
75,64,108,1650,3461,0.11309230843553314,0.1230993939992704,0.11574112777831942,1.0,INSERTED
75,65,109,1656,3454,0.3428538068554315,0.2070475022656551,0.34534544966314434,1.0,INSERTED
75,66,110,1661,3451,0.24975669627548042,0.5075470428148532,0.2695970462769328,1.0,INSERTED
75,67,111,1694,3417,0.018201577452607823,0.8544670504489441,0.171859986715582,1.0,INSERTED
75,68,112,1716,3399,0.020323341889821576,0.4675945922777196,0.09570175721827294,1.0,INSERTED
75,69,113,1744,3382,0.06952329165688104,0.23587372236475726,0.08401752554613834,1.0,INSERTED
75,70,114,1748,3379,0.07654750529639424,0.35878574921560874,0.10492191916234535,1.0,INSERTED
75,71,115,1763,3365,0.05431578154004476,0.37079697416637164,0.09192290229503931,1.0,INSERTED
75,72,116,1776,3365,0.031133679752405354,0.35530364535415765,0.07758178414424005,1.0,INSERTED
75,73,117,1789,3358,0.0688349122320712,1.221660195452187,0.25384323994955627,1.0,INSERTED
75,74,118,1806,3863,0.04642207931819391,0.5961468948990593,0.1279478575832213,1.0,INSERTED
75,75,119,1967,4176,0.006055029152426464,0.07279238863473028,0.015767455462525292,1.0,INSERTED
