K,group,count,status,translation_median_m,translation_p95_m,rotation_median_deg,rotation_p95_deg,use
1,INSERTED,1,OK,7.53644380168212e-15,7.53644380168212e-15,6.388642927829206e-15,6.388642927829206e-15,INSERTED FACTOR DIAGNOSTIC
1,NOT_YET_INSERTED_OFFLINE,74,OK,44.42411620153953,56.82156936139615,29.401472483539315,68.77395953290385,OFFLINE HINDSIGHT ONLY
1,FULL75_OFFLINE,75,OK,43.99392306914141,56.77550478240236,29.258950118789016,68.53060684073091,OFFLINE HINDSIGHT ONLY
2,INSERTED,2,OK,0.0005441022875397551,0.0005441040503006547,0.05287862204087898,0.05514526166090408,INSERTED FACTOR DIAGNOSTIC
2,NOT_YET_INSERTED_OFFLINE,73,OK,40.65523542636585,48.54001490789842,50.51935787878955,90.57831246192924,OFFLINE HINDSIGHT ONLY
2,FULL75_OFFLINE,75,OK,40.072929554058625,48.52426377036204,50.16248698491034,90.56823179680289,OFFLINE HINDSIGHT ONLY
5,INSERTED,5,OK,0.00798581964379434,0.014453534915746791,0.06418652524832685,0.3254584310785341,INSERTED FACTOR DIAGNOSTIC
5,NOT_YET_INSERTED_OFFLINE,70,OK,2.941600963361148,28.98692781956799,19.5743015784385,51.52402618831143,OFFLINE HINDSIGHT ONLY
5,FULL75_OFFLINE,75,OK,2.9044117089574644,28.887824952743205,17.66702962407907,51.280913619764306,OFFLINE HINDSIGHT ONLY
10,INSERTED,10,OK,0.009842783330138043,0.12275951934452087,0.2582964020446641,0.8561430270415622,INSERTED FACTOR DIAGNOSTIC
10,NOT_YET_INSERTED_OFFLINE,65,OK,9.162545178260938,21.23060091508359,28.670811689231453,77.66184976505637,OFFLINE HINDSIGHT ONLY
10,FULL75_OFFLINE,75,OK,7.96703257091933,20.588324068127196,22.98503288252236,77.13718353662442,OFFLINE HINDSIGHT ONLY
20,INSERTED,20,OK,0.039404778746664045,0.20357245429946888,0.3076854093649256,1.0675381276146463,INSERTED FACTOR DIAGNOSTIC
20,NOT_YET_INSERTED_OFFLINE,55,OK,7.7752695017773705,19.072383192573554,18.29851961458389,73.93776295320905,OFFLINE HINDSIGHT ONLY
20,FULL75_OFFLINE,75,OK,4.799500274020221,18.027136852088002,13.818365319336754,73.17294071455763,OFFLINE HINDSIGHT ONLY
40,INSERTED,40,OK,0.049506808247563344,0.20371258314983454,0.5050487539756641,1.6279958275593718,INSERTED FACTOR DIAGNOSTIC
40,NOT_YET_INSERTED_OFFLINE,35,OK,28.73130729247893,52.21837932344627,28.201672981783858,66.34039500001957,OFFLINE HINDSIGHT ONLY
40,FULL75_OFFLINE,75,OK,0.20323729851294203,48.751254802336526,1.6151187871929849,49.098126005044826,OFFLINE HINDSIGHT ONLY
75,INSERTED,75,OK,0.05269624735541738,0.19620215705400892,0.41594818233052744,1.3839348405338858,INSERTED FACTOR DIAGNOSTIC
75,NOT_YET_INSERTED_OFFLINE,0,N/A_EMPTY_SET,,,,,OFFLINE HINDSIGHT ONLY
75,FULL75_OFFLINE,75,OK,0.05269624735541738,0.19620215705400892,0.41594818233052744,1.3839348405338858,OFFLINE HINDSIGHT ONLY
