checkpoint,solver,robot_id,steps,max_xy_m,max_xyz_m,max_rotation_deg,max_speed_mps,baseline_max_xy_m,baseline_max_xyz_m,new_catastrophic_steps
FIRST_LOOP,ISAM2,robot1,133,0.3637953226639738,0.8231720596236035,17.284835765285184,1.6557711529603174,0.3637953226639738,0.8231720596236035,0
FIRST_LOOP,ISAM2,robot3,3945,1.467010776523487,1.7353587968961375,30.59237265214483,3.4981637951345554,1.470415657340353,1.7353587968961337,0
K2,ISAM2,robot1,228,0.8741424021229041,0.9094748113661772,17.284835765293117,1.8062667975869553,0.8736396130782128,0.9093826423652929,0
K2,ISAM2,robot3,3945,1.4641291376744088,1.7353587968961641,30.5289777230718,3.498163795134609,1.470415657340353,1.7353587968961337,0
K5,ISAM2,robot1,362,0.8737451484570165,1.0710210534132052,17.28483576528571,2.1480198363371503,0.8736396130782128,1.074442800407044,0
K5,ISAM2,robot3,3945,1.4665021529482418,1.7353587968961084,30.52838205859869,3.498163795134497,1.470415657340353,1.7353587968961337,0
K10,ISAM2,robot1,488,0.9022405750465361,1.0706225295461358,17.28483576528512,2.1474650558284964,0.8832746754070242,1.074442800407044,0
K10,ISAM2,robot3,3945,1.4687191575842489,1.7353587968961268,30.559633596802556,3.498163795134534,1.470415657340353,1.7353587968961337,0
K20,ISAM2,robot1,514,0.9277049404253135,1.0704642362450374,17.284835765313055,2.147227489837531,0.916132178893666,1.074442800407044,0
K20,ISAM2,robot3,3945,1.467378559365601,1.7353587968961512,30.59827282320709,3.4981637951345834,1.470415657340353,1.7353587968961337,0
K40,ISAM2,robot1,864,1.1566259627914814,1.1755851314212518,23.19229298565544,2.3332046616106505,1.1276515267705258,1.1575697664362856,0
K40,ISAM2,robot3,3945,1.4325790326945156,1.7063349117554796,30.596675338322193,3.4396569869892946,1.470415657340353,1.7353587968961337,0
K75,ISAM2,robot1,1817,1.1413808595413677,1.1653009027041896,23.069739086157256,2.312793370465185,1.1276515267705258,1.1575697664362856,0
K75,ISAM2,robot3,3945,1.4096716144944543,1.7071053246999313,29.890426200375476,3.4412099976257142,1.470415657340353,1.7353587968961337,0
FINAL_STREAM_END,ISAM2,robot1,1849,1.1415083091287779,1.1653009027041896,23.069739086157256,2.312793370465185,1.1276515267705258,1.1575697664362856,0
FINAL_STREAM_END,ISAM2,robot3,3945,1.409670803957606,1.7071053246999313,29.890426641821072,3.4412099976257142,1.470415657340353,1.7353587968961337,0
